116348656|Let It Be|784872|The Beatles|1
116348470|Sun King|687082|The Beatles|1
116348452|Come Together|768833|The Beatles|1
116348464|Here Comes The Sun|777676|The Beatles|1
116348612|Yesterday|703430|The Beatles|1
116348632|Hey Jude|737268|The Beatles|1
122171888|Real Love|634926|The Beatles|1
116348600|Can't Buy Me Love|629145|The Beatles|1
116348592|Love Me Do|678364|The Beatles|1
116348610|Help!|648718|The Beatles|1
116348642|Let It Be|641499|The Beatles|1
116348598|I Want To Hold Your Hand|700387|The Beatles|1
116348674|Lucy In The Sky With Diamonds|651781|The Beatles|1
116348462|I Want You (She's So Heavy)|588410|The Beatles|1
116348454|Something|657273|The Beatles|1
116348340|Twist And Shout|644673|The Beatles|1
116348204|While My Guitar Gently Weeps|627897|The Beatles|1
116348694|A Day In The Life|635660|The Beatles|1
116348626|All You Need Is Love|591223|The Beatles|1
116348618|Paperback Writer|574475|The Beatles|1
116348212|Blackbird|629934|The Beatles|1
116348672|With A Little Help From My Friends|616540|The Beatles|1
116348622|Eleanor Rigby|596183|The Beatles|1
116348624|Penny Lane|601143|The Beatles|1
116348602|A Hard Day's Night|582562|The Beatles|1
69962764|Should I Stay or Should I Go|851474|The Clash|2
857985|London Calling|769549|The Clash|2
12711113|Rock the Casbah|718865|The Clash|2
69924718|The Magnificent Seven|659742|The Clash|2
69924608|The Guns of Brixton|616755|The Clash|2
69505564|I Fought the Law|612906|The Clash|2
69924601|Jimmy Jazz|475646|The Clash|2
69505550|Train in Vain|544472|The Clash|2
69505551|Bankrobber|503375|The Clash|2
69924600|Brand New Cadillac|479001|The Clash|2
69924603|Rudie Can't Fail|451108|The Clash|2
69924606|Lost in the Supermarket|436128|The Clash|2
69924604|Spanish Bombs|493116|The Clash|2
69924748|Charlie don't Surf|438451|The Clash|2
69998995|White Riot|469381|The Clash|2
69924602|Hateful|415731|The Clash|2
69924610|Death or Glory|413619|The Clash|2
69962767|Straight to Hell|424522|The Clash|2
69984805|Janie Jones|434806|The Clash|2
69984816|Police & Thieves|424644|The Clash|2
69924605|The Right Profile|397028|The Clash|2
69924607|Clampdown|404868|The Clash|2
70050390|London Calling|362126|The Clash|2
69505555|Rock the Casbah|372587|The Clash|2
69505554|Police on my Back|408468|The Clash|2
14954267|Young, Wild & Free (feat. Bruno Mars)|927455|Snoop Dogg|3
10162588|Sweat (Snoop Dogg vs. David Guetta) [Remix]|863776|Snoop Dogg|3
3099229|Beautiful|779096|Snoop Dogg|3
1098069|Drop It Like It's Hot|806978|Snoop Dogg|3
95962030|Peaches N Cream|694996|Snoop Dogg|3
3009252|Signs|695073|Snoop Dogg|3
123101652|Back Up|708695|Snoop Dogg|3
93554314|The Next Episode|656299|Snoop Dogg|3
123101658|Respect (feat. Juicy J & K Camp)|687403|Snoop Dogg|3
3120678|Bitch Please|669447|Snoop Dogg|3
99585952|California Roll|590116|Snoop Dogg|3
123101654|Fucc Day|611904|Snoop Dogg|3
14954269|French Inhale|618969|Snoop Dogg|3
123101656|Smiling Faces (feat. 2 Oldmen)|616415|Snoop Dogg|3
123101660|Turf I Bang (feat. Soopafly)|557208|Snoop Dogg|3
123101662|Left (feat. Yo Gotti)|589985|Snoop Dogg|3
123101666|Call Again (feat. Problem & Juicy J)|571377|Snoop Dogg|3
123101672|Move On (feat. Kevin Gates)|574974|Snoop Dogg|3
123101664|Powder On My Clothes (feat. Busta Rhymes)|546303|Snoop Dogg|3
98260374|So Many Pros|513949|Snoop Dogg|3
14954261|Smokin' On|564419|Snoop Dogg|3
1573529|That's That Shit|584716|Snoop Dogg|3
3120675|Lay Low|604138|Snoop Dogg|3
99585956|R U A Freak|499533|Snoop Dogg|3
123101670|Have U Eva (feat. Daz Dillinger)|518870|Snoop Dogg|3
727720|A Horse with No Name|738338|America|4
774835|A Horse With No Name|584109|America|4
727733|Ventura Highway|524394|America|4
727723|I Need You|430158|America|4
727762|Sister Golden Hair|490505|America|4
71386275|Tin Man|413656|America|4
15634247|Horse With No Name|424685|America|4
727754|Tin Man|431536|America|4
71386271|A Horse With No Name|336334|America|4
3957738|Sandman|306736|America|4
727738|Don't Cross The River|353415|America|4
71386272|I Need You|303200|America|4
71386276|Sister Golden Hair|319218|America|4
3957744|Rainy Day|279295|America|4
71386273|Sandman|289330|America|4
727728|Sandman|359597|America|4
71386274|Ventura Highway|325907|America|4
71386277|Daisy Jane|291469|America|4
71386280|All My Life|311760|America|4
727758|Lonely People|363028|America|4
3957739|Three Roses|275263|America|4
727744|Only In Your Heart|344363|America|4
3136641|You Can Do Magic|437291|America|4
13116345|A Horse With No Name|371343|America|4
719631|Sister Golden Hair|406652|America|4
68953694|Sabali|653098|Amadou & Mariam|5
15803381|Dougou Badia|535637|Amadou & Mariam|5
62995343|Beaux dimanches|524003|Amadou & Mariam|5
2327604|Je pense à toi|499818|Amadou & Mariam|5
4208006|Sénégal Fast-Food|492835|Amadou & Mariam|5
8000657|Sabali (Vitalic Remix Radio Edit)|426083|Amadou & Mariam|5
15803380|Oh Amadou|414051|Amadou & Mariam|5
62995340|La Réalité|417863|Amadou & Mariam|5
62995337|M'bifé|371795|Amadou & Mariam|5
62995342|La Fête au Village|347673|Amadou & Mariam|5
8000661|Sabali (Miike Snow Remix)|322292|Amadou & Mariam|5
62995339|Coulibaly|314325|Amadou & Mariam|5
62995338|M'bifé (balafon)|324569|Amadou & Mariam|5
4208012|Djanfan \ la trahison \|312331|Amadou & Mariam|5
62995341|Artistiya|317236|Amadou & Mariam|5
5835530|Guegni Ni|296890|Amadou & Mariam|5
5835503|La Paix|314707|Amadou & Mariam|5
5835504|Madame Therese Boigny|314707|Amadou & Mariam|5
5835502|An Na Kounye|309246|Amadou & Mariam|5
5835500|Hine Be Delila|317901|Amadou & Mariam|5
15803383|Dougou Badia (feat. Santigold)|315918|Amadou & Mariam|5
5835520|Cheri Coco|317185|Amadou & Mariam|5
5835538|Beni Dakan|316325|Amadou & Mariam|5
2327610|Dounia|312645|Amadou & Mariam|5
2327607|Pauvre Type|312466|Amadou & Mariam|5
71608366|Me Gustas Tu|782596|Manu Chao|6
71590745|Clandestino|747864|Manu Chao|6
71590748|Je ne t'aime plus|713921|Manu Chao|6
71590747|Bongo Bong|707632|Manu Chao|6
71590746|Desaparecido|642149|Manu Chao|6
4180396|Clandestino|623446|Manu Chao|6
71590758|Minha galera|595339|Manu Chao|6
4207595|La vida tombola|568077|Manu Chao|6
71590749|Mentira|568900|Manu Chao|6
4207596|Me Llaman Calle|597031|Manu Chao|6
71590750|Lágrimas de oro|552103|Manu Chao|6
71590752|Luna y sol|553444|Manu Chao|6
71590754|Welcome to Tijuana|550960|Manu Chao|6
71590757|La vie A 2|534474|Manu Chao|6
4207602|Rainin in paradize|517625|Manu Chao|6
71590751|Mama Call|513686|Manu Chao|6
71590753|Por el suelo|508820|Manu Chao|6
71590756|Malegría|500219|Manu Chao|6
71590755|Día luna...Día pena|494841|Manu Chao|6
71590759|La despedida|490325|Manu Chao|6
71608367|Denia|509800|Manu Chao|6
71590760|El viento|500328|Manu Chao|6
71630332|Welcome to Tijuana|492436|Manu Chao|6
4180397|Desaparecido|479832|Manu Chao|6
71608375|Homens|449990|Manu Chao|6
867060|Little L|727718|Jamiroquai|7
867061|You Give Me Something|710348|Jamiroquai|7
14881299|Virtual Insanity (Album Version)|645990|Jamiroquai|7
565656|Cosmic Girl|635601|Jamiroquai|7
6992639|White Knuckle Ride|618021|Jamiroquai|7
565661|Love Foolosophy|631706|Jamiroquai|7
73696392|Virtual Insanity|641022|Jamiroquai|7
73696394|Alright|599251|Jamiroquai|7
73696391|Space Cowboy|612758|Jamiroquai|7
73696388|Too Young to Die|547011|Jamiroquai|7
73696396|Deeper Underground|548817|Jamiroquai|7
565660|Little L|506344|Jamiroquai|7
73696387|When You Gonna Learn?|539300|Jamiroquai|7
73696397|Canned Heat|555202|Jamiroquai|7
2310801|Cosmic Girl (Album Version)|520101|Jamiroquai|7
73696402|Seven Days in Sunny June|548361|Jamiroquai|7
73696389|Blow Your Mind|508685|Jamiroquai|7
64607966|Alright|483921|Jamiroquai|7
867062|Corner of the Earth|462802|Jamiroquai|7
73696400|Corner of the Earth|475818|Jamiroquai|7
2322944|King for a Day (Album Version)|444980|Jamiroquai|7
73696390|Emergency on Planet Earth|473093|Jamiroquai|7
73696395|High Times|449136|Jamiroquai|7
73696404|Runaway|466800|Jamiroquai|7
867059|Feel So Good|451639|Jamiroquai|7
94488788|The Bitter End|774719|Placebo|8
94488754|Pure Morning|663113|Placebo|8
3642076|Running Up That Hill|654739|Placebo|8
94488768|Every You Every Me|690135|Placebo|8
70331833|Too Many Friends|661675|Placebo|8
94488800|Protect Me from What I Want|539578|Placebo|8
94488784|This Picture|576146|Placebo|8
94488848|Infra-Red|506206|Placebo|8
94488828|Where Is My Mind|582565|Placebo|8
94488870|Song to Say Goodbye|615160|Placebo|8
118537306|Protège Moi|529450|Placebo|8
94488762|Without You I'm Nothing|538912|Placebo|8
94488846|Meds|559891|Placebo|8
70331831|Loud Like Love|566764|Placebo|8
94488876|Special K|571645|Placebo|8
70331834|Hold On To Me|531501|Placebo|8
70331840|Bosco|510005|Placebo|8
94488786|Sleeping With Ghosts|485513|Placebo|8
94488794|Special Needs|531833|Placebo|8
70331839|Begin The End|500007|Placebo|8
94488782|English Summer Rain|467642|Placebo|8
70331836|A Million Little Pieces|474715|Placebo|8
113941828|Meds|460774|Placebo|8
94488856|Post Blue|437159|Placebo|8
113941824|Every You Every Me|467192|Placebo|8
13141229|Hey Ya!|849436|OutKast|9
963085|Ms. Jackson|806166|OutKast|9
604371|Hey Ya!|765371|OutKast|9
963042|Ms. Jackson|782387|OutKast|9
963074|So Fresh, So Clean|642112|OutKast|9
2148265|Roses|641156|OutKast|9
2148257|Hey Ya!|459113|OutKast|9
963081|B.O.B.|458410|OutKast|9
962893|Da Art of Storytellin' (Pt. 1)|478623|OutKast|9
628247|The Way You Move|555361|OutKast|9
628265|Prototype|487223|OutKast|9
628273|Take Off Your Cool|396834|OutKast|9
1047823|ATLiens|465505|OutKast|9
962886|Rosa Parks|430387|OutKast|9
963052|B.O.B.|490624|OutKast|9
550013|Idlewild Blue (Don'tchu Worry 'Bout Me)|338056|OutKast|9
550023|Call The Law|364240|OutKast|9
14888199|The Whole World|395988|OutKast|9
962896|SpottieOttieDopaliscious|394307|OutKast|9
966674|Southernplayalisticadillacmuzik|438569|OutKast|9
1043984|Two Dope Boyz (In a Cadillac)|392100|OutKast|9
962781|Player's Ball|381582|OutKast|9
962791|Git Up, Git Out|387834|OutKast|9
967468|Gangsta Sh*t|389756|OutKast|9
550021|Hollywood Divorce|368260|OutKast|9
103867554|Insomnia 2.0|701230|Faithless|10
560269|Insomnia|552430|Faithless|10
7035328|Insomnia|579981|Faithless|10
585030|Insomnia|425256|Faithless|10
4732807|Addictive|331741|Faithless|10
107724712|Insomnia 2.0|455153|Faithless|10
72203580|One Step Too Far|374084|Faithless|10
15626410|We Come 1|342717|Faithless|10
560281|God Is a DJ|547511|Faithless|10
107724720|Salva Mea 2.0|451639|Faithless|10
107724714|We Come 1 2.0|391003|Faithless|10
105786382|Insomnia|309315|Faithless|10
6082639|Insomnia|466079|Faithless|10
107724722|Not Going Home 2.0|304141|Faithless|10
107724732|Bombs 2.0|325081|Faithless|10
107724716|God Is a DJ 2.0|397420|Faithless|10
560274|Salva Mea|357133|Faithless|10
107724744|God Is a DJ|323290|Faithless|10
107724734|Drifting Away 2.0|308812|Faithless|10
560270|Mass Destruction|388437|Faithless|10
105786378|Insomnia 2.0|370914|Faithless|10
5959521|Not Going Home|318027|Faithless|10
560271|Don't Leave|360089|Faithless|10
107724718|Muhammad Ali 2.0|309066|Faithless|10
15268156|Woozy|317251|Faithless|10
2124880|Angie|841574|The Rolling Stones|11
7818900|Paint It, Black|854478|The Rolling Stones|11
5094211|Sympathy For The Devil|792099|The Rolling Stones|11
4125128|Start Me Up|771804|The Rolling Stones|11
4125137|Miss You|731050|The Rolling Stones|11
7677778|(I Can't Get No) Satisfaction|755599|The Rolling Stones|11
9914834|Gimme Shelter|755979|The Rolling Stones|11
7677799|She's A Rainbow|658017|The Rolling Stones|11
4125129|Brown Sugar|703671|The Rolling Stones|11
7677788|Paint It Black|715833|The Rolling Stones|11
5094200|You Can't Always Get What You Want|640690|The Rolling Stones|11
2677041|(I Can't Get No) Satisfaction|682507|The Rolling Stones|11
14458095|Beast Of Burden|615928|The Rolling Stones|11
2677047|Under My Thumb|599927|The Rolling Stones|11
2677050|Jumpin' Jack Flash|590001|The Rolling Stones|11
7818920|She's A Rainbow|529351|The Rolling Stones|11
4125585|Can't You Hear Me Knocking|558411|The Rolling Stones|11
5094205|Wild Horses|519090|The Rolling Stones|11
6107261|Sympathy For The Devil|506236|The Rolling Stones|11
4125135|Fool To Cry|506510|The Rolling Stones|11
9914842|You Can't Always Get What You Want|526874|The Rolling Stones|11
981493|Paint It Black|524354|The Rolling Stones|11
4125141|Beast Of Burden|493762|The Rolling Stones|11
4125139|Emotional Rescue|476302|The Rolling Stones|11
4125130|Harlem Shuffle|509128|The Rolling Stones|11
1109731|Lose Yourself|956628|Eminem|13
72059773|The Monster|944249|Eminem|13
6461440|Love The Way You Lie|925969|Eminem|13
916424|Without Me|886825|Eminem|13
916445|'Till I Collapse|904974|Eminem|13
6026499|Not Afraid|885810|Eminem|13
1109730|Stan|841590|Eminem|13
1109737|The Real Slim Shady|854121|Eminem|13
72160314|Rap God|839232|Eminem|13
70205643|Berzerk|741825|Eminem|13
1109729|My Name Is|791567|Eminem|13
2951016|Crack A Bottle|740407|Eminem|13
103797904|Kings Never Die|682470|Eminem|13
72160310|Survival|731038|Eminem|13
90214465|Guts Over Fear|770929|Eminem|13
916427|Superman|769815|Eminem|13
1109739|Mockingbird|821338|Eminem|13
916414|Cleanin' Out My Closet|773649|Eminem|13
4302194|Forever|826632|Eminem|13
916426|Sing For The Moment|714469|Eminem|13
1109744|When I'm Gone|774145|Eminem|13
2251077|Go To Sleep|697013|Eminem|13
103797926|Phenomenal|602861|Eminem|13
1575472|You Don't Know|741341|Eminem|13
6461430|W.T.P.|710336|Eminem|13
3129407|Feel Good Inc|941091|Gorillaz|14
3100444|Clint Eastwood|885117|Gorillaz|14
3129413|DARE|753422|Gorillaz|14
5490699|On Melancholy Hill|746677|Gorillaz|14
3100442|Tomorrow Comes Today|624194|Gorillaz|14
3129404|Kids With Guns|645943|Gorillaz|14
3100456|19-2000|578349|Gorillaz|14
3129406|Dirty Harry|628346|Gorillaz|14
5490696|Empire Ants|555871|Gorillaz|14
5490694|Stylo (feat. Mos Def and Bobby Womack)|615995|Gorillaz|14
3129408|El Manana|565740|Gorillaz|14
3100450|19-2000|623950|Gorillaz|14
77528567|DARE|571823|Gorillaz|14
3129414|Fire Coming Out Of The Monkey's Head|531171|Gorillaz|14
3129405|O Green World|529120|Gorillaz|14
5490702|Plastic Beach (Feat. Mick Jones and Paul Simonon)|504533|Gorillaz|14
5490693|Rhinestone Eyes|552174|Gorillaz|14
3129403|Last Living Souls|539875|Gorillaz|14
3100441|5/4|531035|Gorillaz|14
3129409|Every Planet We Reach Is Dead|526025|Gorillaz|14
3129410|November Has Come|515552|Gorillaz|14
10332257|Revolving Doors|503444|Gorillaz|14
3129411|All Alone|515160|Gorillaz|14
5490698|Some Kind of Nature (Feat. Lou Reed)|510260|Gorillaz|14
3129412|White Light|491143|Gorillaz|14
3574391|Lisztomania|809185|Phoenix|15
3135336|If I ever feel better|781135|Phoenix|15
67239342|1901|716892|Phoenix|15
3307241|If I ever feel better|639509|Phoenix|15
66319120|Entertainment|598545|Phoenix|15
66319123|Trying To Be Cool|541472|Phoenix|15
3135334|Too young|503493|Phoenix|15
3088931|Run Run Run|565188|Phoenix|15
3103238|Lisztomania (Classixx Version)|487452|Phoenix|15
67239347|Rome|491653|Phoenix|15
67239346|Lasso|495663|Phoenix|15
67239343|Fences|487020|Phoenix|15
3088930|Everything Is Everything|497570|Phoenix|15
67239344|Love Like a Sunset Part I|466748|Phoenix|15
67239349|Girlfriend|449136|Phoenix|15
67239350|Armistice|463980|Phoenix|15
73956071|Consolation Prizes|457144|Phoenix|15
67239345|Love Like a Sunset Part II|411347|Phoenix|15
67239348|Countdown|428692|Phoenix|15
66319122|S.O.S. In Bel Air|406339|Phoenix|15
73956073|Long Distance Call|425636|Phoenix|15
66319121|The Real Thing|341474|Phoenix|15
66319129|Bourgeois|336475|Phoenix|15
66319124|Bankrupt!|359462|Phoenix|15
66319126|Chloroform|337924|Phoenix|15
886428|The Sweet Escape|717697|Gwen Stefani|16
983448|What You Waiting For?|652519|Gwen Stefani|16
121076712|Make Me Like You|755669|Gwen Stefani|16
983450|Hollaback Girl|684252|Gwen Stefani|16
983449|Rich Girl|660803|Gwen Stefani|16
88590781|Baby Don't Lie|664000|Gwen Stefani|16
983455|Cool|573978|Gwen Stefani|16
121076706|Misery|569028|Gwen Stefani|16
1575415|Wind It Up|482285|Gwen Stefani|16
121125366|Used To Love You|547524|Gwen Stefani|16
1575425|4 In The Morning|502839|Gwen Stefani|16
121125364|Truth|484480|Gwen Stefani|16
121125358|You're My Favorite|460774|Gwen Stefani|16
121125368|Send Me A Picture|452446|Gwen Stefani|16
3119438|Can I Have It Like That|467207|Pharrell|211190
121125378|Rare|470092|Gwen Stefani|16
121125372|Asking 4 It|423009|Gwen Stefani|16
121125360|Where Would I Be?|467192|Gwen Stefani|16
121125374|Naughty|417863|Gwen Stefani|16
1575421|Early Winter|437947|Gwen Stefani|16
121125376|Me Without You|405577|Gwen Stefani|16
121125382|Getting Warmer|399237|Gwen Stefani|16
121125370|Red Flag|399782|Gwen Stefani|16
121125380|Rocket Ship|432269|Gwen Stefani|16
121125384|Obsessed|421919|Gwen Stefani|16
603946|Yeah!|855458|Usher|17
80924346|She Came to Give It to You|769979|Usher|17
90822251|I Don't Mind|848368|Usher|17
601626|My Boo|812859|Usher|17
6580746|DJ Got Us Fallin' In Love|832549|Usher|17
1052073|You Make Me Wanna...|736198|Usher|17
969347|U Remind Me|751168|Usher|17
5545070|OMG|711933|Usher|17
35088291|Scream|769340|Usher|17
969349|U Got It Bad|731647|Usher|17
14489931|DJ Got Us Fallin' In Love|571302|Usher|17
16667842|Climax|649450|Usher|17
77234495|More|538316|Usher|17
13138782|Burn|662625|Usher|17
78046054|Good Kisser|639516|Usher|17
615657|Caught Up|594875|Usher|17
616196|Confessions Part II|626486|Usher|17
5728914|Love in This Club|537562|Usher|17
15595805|Hey Daddy (Daddy's Home)|595826|Usher|17
15527523|Love in This Club, Pt. II|620056|Usher|17
10202480|Dirty Dancer|566784|Usher|17
9793266|More|562372|Usher|17
35088331|Lemme See|523332|Usher|17
552080|Same Girl|649115|R. Kelly|185
110095470|Chains by Film The Future|600906|Usher|17
5662806|I'm Too Sexy|579869|Right Said Fred|19
7805340|Stand Up (For The Champions)|355415|Right Said Fred|19
632380|I'm Too Sexy|302227|Right Said Fred|19
612736|Don't Talk Just Kiss|306692|Right Said Fred|19
5840979|What A Day For A Daydream|316721|Right Said Fred|19
5662809|Deeply Dippy|309718|Right Said Fred|19
5662811|Don't Talk Just Kiss|368522|Right Said Fred|19
7805339|You're My Mate|379291|Right Said Fred|19
5662784|I'm Too Sexy (Bettys Mix)|290060|Right Said Fred|19
5662813|Those Simple Things|308416|Right Said Fred|19
5662787|I'm Too Sexy (Italian Version)|301851|Right Said Fred|19
5662804|Love For All Seasons|293596|Right Said Fred|19
69008267|I'm Too Smurfy|294145|Right Said Fred|19
5662678|I'm Too Sexy 2007 (Tastemakers Radio Mix)|310944|Right Said Fred|19
2266356|Fräulein Wunderbar|292064|Right Said Fred|19
5662805|No One On Earth|291743|Right Said Fred|19
5662807|Do Ya Feel|305919|Right Said Fred|19
122888166|Raise Your Hands|312984|Right Said Fred|19
2266333|I Love You But I Don't Like You (Album Version)|292476|Right Said Fred|19
2266334|Something In Your Eyes|285325|Right Said Fred|19
6228654|Viva Südafrika (Champions Edition)|315824|Höhner|13585
7805344|Mojive|360663|Right Said Fred|19
2279836|Love Song|312342|Right Said Fred|19
7805341|Deeply Dippy|298923|Right Said Fred|19
2279827|Angel Dust|296191|Right Said Fred|19
4068873|Emerald Sword|417853|Rhapsody|20
4205662|The March of the Swordmaster|389038|Rhapsody|20
74819459|The Magic of the Wizard's Dream (English Version)|317876|Rhapsody|20
74461802|Unholy Warcry|341666|Rhapsody|20
4068904|Dawn of Victory|402229|Rhapsody|20
4068874|Wisdom of the Kings|333294|Rhapsody|20
4205661|Power of the Dragonflame|367830|Rhapsody|20
74461809|Sacred Power of Raging Winds|301549|Rhapsody|20
4205660|Knightrider of Doom|312414|Rhapsody|20
74461803|Never Forgotten Heroes|267735|Rhapsody|20
74461805|The Magic of the Wizard's Dream|255531|Rhapsody|20
4068864|Rage of the Winter|270808|Rhapsody|20
74461808|Dragonland's Rivers|303230|Rhapsody|20
4068872|Epicus Furor|255571|Rhapsody|20
4068862|Ira Tenax|307473|Rhapsody|20
4068863|Warrior of Ice|299632|Rhapsody|20
4068876|Eternal Glory|308707|Rhapsody|20
74461810|Guardiani Del Destino|276949|Rhapsody|20
74461801|The Dark Secret|231365|Rhapsody|20
4068906|The Village of Dwarves|328440|Rhapsody|20
4068909|Holy Thunderforce|313879|Rhapsody|20
4068868|Land of Immortals|298807|Rhapsody|20
4068865|Forest of Unicorns|298647|Rhapsody|20
4068879|The Dark Tower of Abyss|298652|Rhapsody|20
74461804|Elgard's Green Valleys|315437|Rhapsody|20
122222814|Toujours debout|916885|Renaud|21
122222810|J'ai embrassé un flic|839404|Renaud|21
3296749|Mistral gagnant|824217|Renaud|21
69125492|Morgane de toi|793280|Renaud|21
122222812|Les mots|809190|Renaud|21
122222816|Héloïse|786971|Renaud|21
3296474|Manhattan-Kaboul|752776|Renaud|21
122222822|Hyper casher|744399|Renaud|21
122222818|La nuit en taule|744023|Renaud|21
122222820|Petit bonhomme|741344|Renaud|21
122222824|Mulholland Drive|741188|Renaud|21
122222826|La vie est moche et c'est trop court|727530|Renaud|21
122222828|Mon anniv'|719033|Renaud|21
122222830|Dylan|710347|Renaud|21
2518036|Manu|718530|Renaud|21
122222832|Petite fille slave|697210|Renaud|21
2518028|Laisse béton|689707|Renaud|21
122222834|Ta batterie|702310|Renaud|21
84868955|Hexagone|688733|Renaud|21
122222836|Pour Karim, pour Fabien|679932|Renaud|21
84868981|Chanson pour Pierrot|683322|Renaud|21
69125458|Dans mon H.L.M.|650758|Renaud|21
69125456|Marche à l'ombre|657163|Renaud|21
69125495|En cloque|665646|Renaud|21
3114331|Miss Maggie|622684|Renaud|21
4520340|Original romanian version|565637|O-Zone|22
80617960|Dragostea Din Tei|434504|O-Zone|22
23892201|Despre Tine|412630|O-Zone|22
4518797|Fiesta de la noche|255739|O-Zone|22
4518796|Megamix|284436|O-Zone|22
4520341|Nectar remix|267884|O-Zone|22
4520344|Almighty mix|298118|O-Zone|22
4520342|Dj ross extended remix|308613|O-Zone|22
4520343|Spike norton tekmix|310356|O-Zone|22
4520396|De ce plang chitarele|303771|O-Zone|22
124095788|Ladies|257602|O-Zone|22
4521724|Megamix|242403|O-Zone|22
124095772|Knock 'em Off|288340|O-Zone|22
4520401|Numai tu|298588|O-Zone|22
54565401|Mean Muggin (Remix)|189403|O-Zone|22
124095784|Gift and Curse|288340|O-Zone|22
4520399|Oriunde ai fi|293063|O-Zone|22
124095766|Gas|288340|O-Zone|22
4520410|Dragostea din tei|307955|O-Zone|22
4520398|Printre nori|300482|O-Zone|22
4520407|Nu ma las de limba noastra|294673|O-Zone|22
4520405|Sabatoarea noptilor de vara|291875|O-Zone|22
65747322|Let's Kick Some Ass|167254|O-Zone|22
1302243|Mischka|291686|O-Zone|22
72535235|Town Biz Skit 1 (Cuffing the Bitch)|281710|O-Zone|22
3734092|Au Bord De L'Eau|570281|Gérald De Palmas|23
17773920|Michelle|305153|David & Jonathan|24
121074428|You've Got Your Troubles|178200|David & Jonathan|24
121074460|She's Leaving Home|178200|David & Jonathan|24
121074456|Gilly Gilly Ossenfeffer Katzenellenbogen By the Sea|178200|David & Jonathan|24
121074450|Lovers of the World Unite|178200|David & Jonathan|24
121074438|Michelle|178200|David & Jonathan|24
121074430|How Bitter the Taste of Love|178200|David & Jonathan|24
121074448|A Little Like You|178200|David & Jonathan|24
121074462|Something's Gotten Hold of My Heart|178200|David & Jonathan|24
121074472|You Ought to Meet My Baby|178200|David & Jonathan|24
121074470|Penthouse|178200|David & Jonathan|24
121074454|Scarlet Ribbons (For Her Hair)|178200|David & Jonathan|24
121074458|Softly Whispering I Love You|178200|David & Jonathan|24
121074436|I Know|178200|David & Jonathan|24
121074432|Bye Bye Brown Eyes|178200|David & Jonathan|24
121074446|Take It While You Can|178200|David & Jonathan|24
121074434|This Golden Ring|178200|David & Jonathan|24
121074444|I've Got That Girl On My Mind|178200|David & Jonathan|24
121074440|Speak Her Name|178200|David & Jonathan|24
121074468|Time|178200|David & Jonathan|24
121074442|Ten Storeys High|178200|David & Jonathan|24
121074466|The Magic Book|178200|David & Jonathan|24
121074452|One Born Every Minute|178200|David & Jonathan|24
121074464|Turn Around and Start Again|178200|David & Jonathan|24
11390027|Sandstorm|653059|Darude|25
63653811|Sandstorm|464420|Darude|25
11390029|Feel the Beat|416746|Darude|25
1002944|Sandstorm|302381|Darude|25
63653812|Sandstorm|306685|Darude|25
64190061|Passing By|315992|Darude|25
11390030|Out of Control|299226|Darude|25
63358015|Feel the Beat|310079|Darude|25
11390028|Burning|316895|Darude|25
64190055|Next to You|300806|Darude|25
64252632|Out Of Control (Back For More)|314310|Darude|25
104964730|Peace Revisited|304878|Darude|25
104964714|Be With You Tonight (feat. Will Sly)|297740|Darude|25
11390033|Let the Music Take Control|317599|Darude|25
124444794|Moments (feat. Sebastian Reyman)|301648|Darude|25
96879094|Beautiful Alien (feat. AI AM)|307522|Darude|25
80516988|Sandstorm|300399|Darude|25
123153664|Beautiful Alien (feat. AI AM)|301648|Darude|25
104964716|Coming Home (feat. Mahan Moin)|304825|Darude|25
64190056|Bitter Sweet|315465|Darude|25
64190057|Serendipity|304561|Darude|25
11390035|The Flow|317123|Darude|25
11390037|Feel the Beat|318036|Darude|25
11390034|Drums of New York|317957|Darude|25
104964718|Moments (feat. Sebastian Reyman)|315681|Darude|25
886301|Le chanteur|813144|Daniel Balavoine|26
876498|L'Aziza|794029|Daniel Balavoine|26
886320|Mon fils ma bataille|752223|Daniel Balavoine|26
876497|Tous les cris les S.O.S.|760587|Daniel Balavoine|26
67934939|Quand on arrive en ville avec Nanette Workman|667861|Daniel Balavoine|26
67934955|S.O.S. d'un terrien en détresse|642075|Daniel Balavoine|26
886323|La vie ne m'apprend rien|670054|Daniel Balavoine|26
886322|Je ne suis pas un héros|664028|Daniel Balavoine|26
876500|Sauver l'amour|633932|Daniel Balavoine|26
886324|Vivre ou survivre|630483|Daniel Balavoine|26
115028132|Aimer est plus fort que d'être aimé|536174|Daniel Balavoine|26
886311|Quand on arrive en ville|527909|Daniel Balavoine|26
115028110|Lucie|538072|Daniel Balavoine|26
886328|Vendeurs de larmes|490956|Daniel Balavoine|26
115028128|Dieu que c'est beau|490607|Daniel Balavoine|26
886326|Soulève moi|487120|Daniel Balavoine|26
886342|Partir avant les miens|466983|Daniel Balavoine|26
115028116|Lipstick Polychrome|459185|Daniel Balavoine|26
886304|Les oiseaux|475685|Daniel Balavoine|26
886292|Lady Marlène|468633|Daniel Balavoine|26
886332|Pour la femme veuve qui s'éveille|431228|Daniel Balavoine|26
886325|Dieu que l'amour est triste|417231|Daniel Balavoine|26
67934946|Banlieue Nord|440056|Daniel Balavoine|26
876501|Petite Angèle|438460|Daniel Balavoine|26
886313|Me laisse pas m'en aller|405079|Daniel Balavoine|26
66609426|Get Lucky|952131|Daft Punk|27
67238732|Instant Crush|919635|Daft Punk|27
67238735|Get Lucky|900626|Daft Punk|27
67238733|Lose Yourself to Dance|819313|Daft Punk|27
3135553|One More Time|824455|Daft Punk|27
3135554|Aerodynamic|723823|Daft Punk|27
67238728|Give Life Back to Music|734980|Daft Punk|27
3138878|Harder Better Faster Stronger|728441|Daft Punk|27
67238730|Giorgio by Moroder|706617|Daft Punk|27
3138820|Around The World|723616|Daft Punk|27
67238731|Within|683387|Daft Punk|27
67238739|Doin' it Right|682393|Daft Punk|27
67238729|The Game of Love|657365|Daft Punk|27
3129772|Da Funk|667936|Daft Punk|27
67238734|Touch|650719|Daft Punk|27
67238738|Fragments of Time|623879|Daft Punk|27
67238740|Contact|642522|Daft Punk|27
67238736|Beyond|628145|Daft Punk|27
3135555|Digital Love|663259|Daft Punk|27
3135563|Veridis Quo|591222|Daft Punk|27
67238737|Motherboard|617555|Daft Punk|27
3167843|Around The World / Harder Better Faster Stronger|600242|Daft Punk|27
7703994|The Son Of Flynn|582688|Daft Punk|27
3129775|Around The World|642141|Daft Punk|27
7704004|Derezzed|571245|Daft Punk|27
71827105|Axel F|600895|Crazy Frog|28
71827106|Popcorn|527526|Crazy Frog|28
88677859|Daddy DJ|441187|Crazy Frog|28
88677935|We Are the Champions (Ding a Dang Dong)|395945|Crazy Frog|28
71827119|I Like To Move It|411200|Crazy Frog|28
88677903|Cotton Eye Joe|363801|Crazy Frog|28
88677857|Everyone|336971|Crazy Frog|28
88677863|Maya Hi, Maya Hu|355479|Crazy Frog|28
88677947|I Will Survive|313680|Crazy Frog|28
88677941|Hey Baby|296404|Crazy Frog|28
71827108|1001 Nights|294232|Crazy Frog|28
88677945|The Final Countdown|289246|Crazy Frog|28
71827107|Whoomp! (There It Is)|314285|Crazy Frog|28
71827115|Pinocchio|305647|Crazy Frog|28
71827117|Get Ready For This|305798|Crazy Frog|28
88677937|Crazy Frog in da House|318020|Crazy Frog|28
88677865|Just Can't Get Enough|289224|Crazy Frog|28
88677893|Popcorn|271244|Crazy Frog|28
88677943|Crazy Jodeling|305198|Crazy Frog|28
88677949|Nelly the Elefant|316073|Crazy Frog|28
71827103|Intro|284335|Crazy Frog|28
88677869|Solo Frog|305835|Crazy Frog|28
88677939|I'm Too Sexy|303601|Crazy Frog|28
88677873|Play the Game|314923|Crazy Frog|28
71827116|Wonderland|309190|Crazy Frog|28
87285741|Le portrait|832953|Calogero|29
78516612|Un Jour Au Mauvais Endroit|836292|Calogero|29
100421548|Jimmy (en duo avec Calogero)|828359|Calogero|29
103232736|Avant toi|768433|Calogero|29
1093568|En apesanteur|751133|Calogero|29
103381098|J'ai le droit aussi|694433|Calogero|29
881927|Face à la mer|727834|Calogero|29
881928|Si seulement je pouvais lui manquer|700494|Calogero|29
103232726|Un jour au mauvais endroit|658813|Calogero|29
103232728|Le monde moderne|598646|Calogero|29
103381112|Le portrait|581688|Calogero|29
2797739|C’est dit|604385|Calogero|29
103381090|L'éclipse|586789|Calogero|29
1162583|Pomme C|600396|Calogero|29
3577737|La Fin De La Fin Du Monde|578222|Calogero|29
881925|Yalla|583638|Calogero|29
3577739|L'Ombre Et La Lumière|549466|Calogero|29
103232724|Fidèle|547877|Calogero|29
103381086|Conduire en Angleterre|544728|Calogero|29
103381102|Les feux d'artifice|568804|Calogero|29
103381100|Cristal|532495|Calogero|29
103381110|Un jour au mauvais endroit|534111|Calogero|29
103381096|La boîte à musique|520892|Calogero|29
103232738|Elle me manque déjà|541817|Calogero|29
114392554|Avant toi|544573|Calogero|29
85568196|Call On Me|761931|Eric Prydz|30
117731420|Breathe|648735|Eric Prydz|30
118585342|Opus|497884|Eric Prydz|30
93853162|Pjanoo|584499|Eric Prydz|30
101022014|Generate|595144|Eric Prydz|30
28883351|Pjanoo|556751|Eric Prydz|30
78588920|Liberate|490455|Eric Prydz|30
118384998|Last Dragon|484615|Eric Prydz|30
94568636|Tether (Eric Prydz Vs. CHVRCHES)|528930|Eric Prydz|30
2532969|Woz Not Woz|342605|Eric Prydz|30
118585270|Liam|411668|Eric Prydz|30
118585318|Generate|372833|Eric Prydz|30
112243360|Pjanoo|351035|Eric Prydz|30
118585330|Every Day|419157|Eric Prydz|30
118585278|Collider|357648|Eric Prydz|30
118585338|The Matrix|349055|Eric Prydz|30
118585282|Som Sas|316203|Eric Prydz|30
118585290|Moody Mondays|348053|Eric Prydz|30
118585306|Eclipse|291184|Eric Prydz|30
105889684|Proper Education|356725|Eric Prydz|30
118585294|Floj|319876|Eric Prydz|30
89904009|Liberate|314736|Eric Prydz|30
81075574|We Are Mirage|350811|Eric Prydz|30
118585274|Black Dyce|328879|Eric Prydz|30
80350532|Voices|300683|Steve Angello|6822
65393403|Satisfaction (RL Grime Remix)|365660|Benny Benassi presents The Biz|32
75280943|Satisfaction (Jewelz & Scott Sparks Remix)|271693|Benny Benassi presents The Biz|32
65393405|Satisfaction (Dada Life Remix)|297972|Benny Benassi presents The Biz|32
65393404|Satisfaction (Dimitri Vegas & Like Mike Remix)|310409|Benny Benassi presents The Biz|32
70455609|Satisfaction (Razihel Remix)|309832|Benny Benassi presents The Biz|32
65393407|Satisfaction (ATFC Alternative Main)|308023|Benny Benassi presents The Biz|32
65393406|Satisfaction (ATFC Dub)|294448|Benny Benassi presents The Biz|32
2183624|Every Single Day|444722|Benassi Bros.|33
2183626|Make Me Feel|388136|Benassi Bros.|33
2183622|Rocket In The Sky|315162|Benassi Bros.|33
2183634|Megamix|317906|Benassi Bros.|33
7561285|Every Single Day|307666|Benassi Bros.|33
2183625|Castaway|312637|Benassi Bros.|33
2183633|Light|258751|Benassi Bros.|33
2429983|Make Me Feel|309894|Benassi Bros.|33
2183628|Run To Me|300038|Benassi Bros.|33
2183635|Summer Megamix 2005|310382|Benassi Bros.|33
2460033|Rocket In The Sky|310587|Benassi Bros.|33
2183632|Somebody To Touch Me|306714|Benassi Bros.|33
2283889|Feel Alive|290384|Benassi Bros.|33
7561286|Every Single Day|317077|Benassi Bros.|33
2183636|Make Me Feel|300637|Benassi Bros.|33
2429985|Make Me Feel|304695|Benassi Bros.|33
2462504|Rocket In The Sky|241381|Benassi Bros.|33
2462505|Rocket In The Sky|193652|Benassi Bros.|33
7561287|Every Single Day|294458|Benassi Bros.|33
1174598|You're The First, The Last, My Everything|740679|Barry White|34
980163|You're The First, The Last, My Everything|678108|Barry White|34
1125772|Can't Get Enough Of Your Love, Babe|652908|Barry White|34
1174600|Let The Music Play|628403|Barry White|34
1174607|Never, Never Gonna Give Ya Up|596249|Barry White|34
905588|You're The First, The Last, My Everything|536727|Barry White|34
16578124|Let The Music Play|543383|Barry White|34
906643|Can't Get Enough Of Your Love, Babe|494305|Barry White|34
1174609|Just The Way You Are|563747|Barry White|34
980157|I'm Gonna Love You, Just A Little More Baby|462243|Barry White|34
2230117|Can't Get Enough Of Your Love, Babe|492204|Barry White|34
1174602|I'll Do For You Anything You Want Me To|469381|Barry White|34
2161975|It's Ecstasy When You Lay Down Next To Me|441469|Barry White|34
1174606|I'm Gonna Love You Just A Little More Baby|440310|Barry White|34
1174603|Sho' You Right|417328|Barry White|34
1174601|Don't Make Me Wait Too Long|455547|Barry White|34
1174608|Baby We Better Try To Get It Together|413656|Barry White|34
1174605|Come On|414718|Barry White|34
1174604|What Am I Gonna Do With You|424845|Barry White|34
1174610|Dark And Lovely (You Over There)|384308|Barry White|34
1174612|It's Ecstasy When You Lay Down Next To Me|393026|Barry White|34
16578123|Let The Music Play|381234|Barry White|34
1174615|Let The Music Play|395663|Barry White|34
1174611|You See The Trouble With Me|442729|Barry White|34
980159|Never, Never Gonna Give Ya Up|417408|Barry White|34
996082|Complicated|706833|Avril Lavigne|35
13130983|Girlfriend|718869|Avril Lavigne|35
8035834|What the Hell|691834|Avril Lavigne|35
1023416|I'm with You|628565|Avril Lavigne|35
71898433|Give You What You Like|658314|Avril Lavigne|35
13138787|Sk8er Boi|584420|Avril Lavigne|35
71427982|Let Me Go|683979|Avril Lavigne|35
13130987|When You're Gone|689994|Avril Lavigne|35
71898428|Rock N Roll|672354|Avril Lavigne|35
71898429|Here's to Never Growing Up|679344|Avril Lavigne|35
604032|Knockin' On Heaven's Door|541471|Avril Lavigne|35
6488050|Innocence|515531|Avril Lavigne|35
9975826|Wish You Were Here|655148|Avril Lavigne|35
2312828|My Happy Ending|466910|Avril Lavigne|35
9975827|Smile|501820|Avril Lavigne|35
73738187|How You Remind Me|547838|Avril Lavigne|35
71898435|Hello Kitty|590469|Avril Lavigne|35
535411|When You're Gone|511336|Avril Lavigne|35
10047152|Everybody Hurts|556456|Avril Lavigne|35
13130989|Hot|546071|Avril Lavigne|35
71898434|Bad Girl|518477|Avril Lavigne|35
567184|Keep Holding On|465972|Avril Lavigne|35
13140077|Nobody's Home|587839|Avril Lavigne|35
104537752|Fly|491143|Avril Lavigne|35
71898440|Hush Hush|532503|Avril Lavigne|35
1115044|Barbie Girl|746952|Aqua|36
1115043|My Oh My|531281|Aqua|36
1115046|Doctor Jones|510422|Aqua|36
1115049|Lollipop (Candyman)|427761|Aqua|36
1115050|Roses Are Red|419888|Aqua|36
1115048|Be A Man|310370|Aqua|36
4634431|Cartoon Heroes|341871|Aqua|36
1115047|Heat Of The Night|303767|Aqua|36
1115042|Happy Boys & Girls|373614|Aqua|36
1115052|Calling You|311865|Aqua|36
1115045|Good Morning Sunshine|302829|Aqua|36
4634422|My Mamma Said|318115|Aqua|36
1115051|Turn Back Time|399494|Aqua|36
4634421|Back To The 80's|304253|Aqua|36
4634426|Around The World|295772|Aqua|36
10239914|How R U Doin?|316775|Aqua|36
4634429|Cuba Libre|314825|Aqua|36
2173719|Turn Back Time|315595|Aqua|36
4634437|Halloween|303447|Aqua|36
2173720|Doctor Jones|307106|Aqua|36
2173716|Didn't I|317764|Aqua|36
122418294|aQua|317144|Aqua|36
117121302|Peace|317144|Aqua|36
11262197|Inspirational World|308285|Aqua|36
11262198|Inspirational|300188|Aqua|36
62070435|All The Things She Said|679353|t.A.T.u.|37
884754|All About Us|629194|t.A.T.u.|37
884758|Not Gonna Get Us|535268|t.A.T.u.|37
884783|30 Minutes|423710|t.A.T.u.|37
884776|Show Me Love|438900|t.A.T.u.|37
2247855|Sacrifice|371186|t.A.T.u.|37
884761|How Soon Is Now?|429327|t.A.T.u.|37
62070441|Stars|357262|t.A.T.u.|37
62070440|Malchik Gay|386542|t.A.T.u.|37
884764|Loves Me Not|395475|t.A.T.u.|37
884768|Gomenasai|408579|t.A.T.u.|37
884786|Perfect Enemy|364924|t.A.T.u.|37
62070439|Clowns (Can You See Me Now?)|317934|t.A.T.u.|37
884766|Friend or Foe|379950|t.A.T.u.|37
62070436|Show Me Love|333901|t.A.T.u.|37
884781|Ne Ver, Ne Boisia|334983|t.A.T.u.|37
884773|Cosmos (Outer Space)|317190|t.A.T.u.|37
62070433|A Simple Motion|307417|t.A.T.u.|37
884771|Null And Void|300391|t.A.T.u.|37
2247850|Cosmos (Outer Space)|299623|t.A.T.u.|37
62070446|All The Things She Said|277663|t.A.T.u.|37
62070444|Show Me Love|312757|t.A.T.u.|37
1561532|Ya Soshla S Uma|327794|t.A.T.u.|37
1561525|Nas Ne Dogonyat|381460|t.A.T.u.|37
6789706|All The Things She Said|315588|t.A.T.u.|37
2430331|Lonely|780962|Akon|38
2203428|Right Now (Na Na Na)|739132|Akon|38
979041|Smack That|689715|Akon|38
2527813|Ghetto|620927|Akon|38
979050|Don't Matter|660571|Akon|38
118955922|Good Girls Lie|706187|Akon|38
4244854|Beautiful|670320|Akon|38
908983|Sorry, Blame It On Me|596602|Akon|38
117871476|Hypnotized|665626|Akon|38
124369974|Song Daan|671701|Akon|38
979042|I Wanna Love You|684989|Akon|38
2527809|Locked Up|550537|Akon|38
4244858|I'm So Paid|565555|Akon|38
113107920|Stick Around|644345|Akon|38
4244861|Be With You|546210|Akon|38
4244855|Keep You Much Longer|521160|Akon|38
1099963|Don't Matter|537028|Akon|38
114942266|Want Some (feat. DJ Chose)|496658|Akon|38
4244856|Troublemaker|514655|Akon|38
4244865|Freedom|481142|Akon|38
10202478|One Day At A Time|528511|Akon|38
2527810|Trouble Nobody|438564|Akon|38
4244860|Against The Grain|497414|Akon|38
7198545|Angel|505864|Akon|38
2527811|Bananza (Belly Dancer)|394688|Akon|38
576431|Eye of the Tiger|880203|Survivor|39
576423|Burning Heart|743909|Survivor|39
578105|Man Against the World|483495|Survivor|39
585272|The Search Is Over|448735|Survivor|39
963100|Feels Like Love|433375|Survivor|39
963109|Ever Since the World Began|325662|Survivor|39
963102|Hesitation Dance|278830|Survivor|39
125680924|Eye of the Tiger (Runner Remix)|369535|Workout Buddy|4060140
88611647|Somewhere in America|311795|Survivor|39
963104|The One That Really Matters|289719|Survivor|39
88611683|I Can't Hold Back|409087|Survivor|39
959339|High on You|314926|Survivor|39
585275|Is This Love|314119|Survivor|39
88611703|In Good Faith|311418|Survivor|39
88611661|Take You on a Saturday|316313|Survivor|39
966549|Silver Girl|316823|Survivor|39
88611653|Nothing Can Shake Me (From Your Love)|311024|Survivor|39
88611655|Chevy Nights|317951|Survivor|39
88611651|Rebel Girl|308498|Survivor|39
88611657|Summer Nights|311576|Survivor|39
13175988|It's The Singer Not The Song|304705|Survivor|39
585273|American Heartbeat|308456|Survivor|39
77632716|Dangerous|312677|Survivor|39
5363353|Is This Love|309829|Survivor|39
959347|The Moment Of Truth|301740|Survivor|39
61723285|The Rhythm of the Night|700708|Corona|40
61723278|Baby Baby|475816|Corona|40
61723279|Try Me Out|430728|Corona|40
61723291|The Rhythm of the Night (Rapino Bros 7)|311546|Corona|40
61723293|The Rhythm of the Night (Lee Marrow Space Mix)|303774|Corona|40
62166933|The Rhythm Of The Night|434514|Corona|40
61723286|Baby I Need Your Love|293409|Corona|40
61723281|I Don't Wanna Be a Star|313643|Corona|40
61723287|Don't Go Breaking My Heart|312199|Corona|40
61723282|I Want Your Love|291830|Corona|40
61723283|In the Name of Love|313256|Corona|40
61723292|Baby Baby (Dancing Divaz Club Mix)|305648|Corona|40
61723284|I Gotta Keep Dancing|303022|Corona|40
61723288|When I Give My Love|297722|Corona|40
61723289|Do You Want Me|291217|Corona|40
61723290|You Gotta Be Movin'|300423|Corona|40
124860176|Në bankat shkollore|315194|Corona|40
61723336|Megamix (Radio Version)|311153|Corona|40
61723313|I Don't Wanna be A Star (Lee Marrow 70's Radio Edit)|305241|Corona|40
70615825|The Rhythm of the Night (Corti & LaMedica Remix 2K13)|307156|Corona|40
8096606|Chemical Generation|295265|Corona|40
79538072|Photosynthesis|303421|Corona|40
45727491|Baby Baby (Instrumental with Backing Vocals)|306544|Corona|40
61723337|Megamix (Long Version)|311362|Corona|40
34860331|Fly Away|301458|Corona|40
5979295|Alarma|316710|666|41
5979792|Supa Dupa Fly|300256|666|41
5979288|Amokk|304376|666|41
5979409|Paradoxx|314524|666|41
99330842|ALARMA!|314262|666|41
36112861|Rhythm Takes Control|304968|666|41
5979302|Diablo|311232|666|41
34479571|Ruido Sintetico|312191|666|41
34479581|Salute!|314452|666|41
34287821|Dance 2 Disco|297301|666|41
20729671|ALARMA!|313012|666|41
34479541|2 the Maxx|310936|666|41
34479551|D.E.V.I.L.|315596|666|41
73335782|I'm Your Nitemare|311168|666|41
29451581|Confusion|306166|666|41
5979301|The Demon Attacks|309070|666|41
5979304|El Fuego|317841|666|41
5979306|I'm Your Nitemare|316960|666|41
5979290|La Vasca Se Mueve|310110|666|41
34479631|Prince of Darkness|305438|666|41
22396571|Confusion|294582|666|41
34479591|Return of 666|299143|666|41
34479621|Mueve (GO!)|305932|666|41
94272604|Ruido Sintetico|304743|666|41
61331041|Diablo|309374|666|41
6722114|Enamorame|545190|Papi Sanchez|42
71088704|Te Amare|395918|Papi Sanchez|42
6722121|Dilema|398341|Papi Sanchez|42
64744098|Sigo Con Mi Calor|387418|Papi Sanchez|42
85972319|Rumba|339338|Papi Sanchez|42
104867182|Hazme el Amor en la Playa|281071|Papi Sanchez|42
64744079|Me Siento Mal|290751|Papi Sanchez|42
10963353|Enamorame|331239|Papi Sanchez|42
10963356|Que Dura Tu Ta|309726|Papi Sanchez|42
110163156|Give Me Your Love|302958|Papi Sanchez|42
11485695|Suava Mami|311068|Papi Sanchez|42
10962263|Mano' Pa' Arriba|294082|Papi Sanchez|42
85972321|Rumba|317951|Papi Sanchez|42
118237894|Suave Mami|301480|Papi Sanchez|42
7155409|Enamorame|267132|Papi Sanchez|42
10982060|Enséñame|308638|Papi Sanchez|42
104867194|Me Tienes Loco|250335|Papi Sanchez|42
10963354|Como Caidos Del Cielo|298762|Papi Sanchez|42
10982061|Que Tú Te Crees?|302224|Papi Sanchez|42
104867186|Llegó el Sabor|241576|Papi Sanchez|42
10982064|Fiesta Latina|306037|Papi Sanchez|42
32706101|Me Siento Mal|276207|Papi Sanchez|42
10963358|Vamos De Party|290608|Papi Sanchez|42
10982058|Unete al Baile|289283|Papi Sanchez|42
10982062|Ya Nada Es Igual|296358|Papi Sanchez|42
2574993|La salsa du démon|502027|Le Grand Orchestre du Splendid|43
2574992|La salsa du démon (Radio Edit)|398114|Le Grand Orchestre du Splendid|43
2797931|La salsa du démon|304711|Le Grand Orchestre du Splendid|43
2151066|Au clair de la lune|275061|Le Grand Orchestre du Splendid|43
116989208|Tu veux ou tu veux pas|306914|Le Grand Orchestre du Splendid|43
72305235|Il était une bergère|308899|Le Grand Orchestre du Splendid|43
116989198|Les cornichons|302466|Le Grand Orchestre du Splendid|43
2151067|Gentil coquelicot|316381|Le Grand Orchestre du Splendid|43
2151086|Pirouette Cacahuète|295384|Le Grand Orchestre du Splendid|43
2151063|Frère Jacques|307353|Le Grand Orchestre du Splendid|43
2575010|On n'est pas là pour se faire engueuler|309691|Le Grand Orchestre du Splendid|43
116989202|Le blues du dentiste|292084|Le Grand Orchestre du Splendid|43
116989212|Zorro est arrivé|290710|Le Grand Orchestre du Splendid|43
116989210|Scoubidous (des pommes… des poires…)|290710|Le Grand Orchestre du Splendid|43
72305239|Auprès de ma blonde|301999|Le Grand Orchestre du Splendid|43
72305238|J'ai perdu le do de ma clarinette|296686|Le Grand Orchestre du Splendid|43
2151072|Meunier tu dors|302038|Le Grand Orchestre du Splendid|43
2151053|A la volette|308807|Le Grand Orchestre du Splendid|43
116989214|Istamboul|290710|Le Grand Orchestre du Splendid|43
2151069|Frais dodo Colas, mon petit frère|294088|Le Grand Orchestre du Splendid|43
2151068|Alphabet de Mozart|305333|Le Grand Orchestre du Splendid|43
116989218|Harley Davidson|290710|Le Grand Orchestre du Splendid|43
116989220|La goualante du pauvre Jean|290710|Le Grand Orchestre du Splendid|43
2797942|Fais-moi mal Johnny|311314|Le Grand Orchestre du Splendid|43
72305237|Savez-vous planter les choux ?|302319|Le Grand Orchestre du Splendid|43
365344|Dernière danse|834276|Kyo|44
74056429|Le Graal|786326|Kyo|44
365342|Le Chemin|744629|Kyo|44
76108762|L'équilibre|660507|Kyo|44
613642|Je Saigne Encore|627484|Kyo|44
76108760|Poupées russes|580422|Kyo|44
365341|Je Cours|553007|Kyo|44
76108765|Nuits blanches|539557|Kyo|44
365343|Tout Envoyer En L'Air|510395|Kyo|44
365337|Sarah|494418|Kyo|44
614701|Je Te Vends Mon Ame|528889|Kyo|44
76108763|Enfant du solstice|504004|Kyo|44
365347|C'Est Ma Faute|493844|Kyo|44
614704|Pardonné|482870|Kyo|44
76108770|White Trash|503734|Kyo|44
76108771|La route|499258|Kyo|44
614698|Chaque Seconde|482059|Kyo|44
76108767|Madone|469505|Kyo|44
365340|Ce Soir|495499|Kyo|44
76108764|Les vents contraires|488381|Kyo|44
76108766|XY|471096|Kyo|44
614700|Comment Te Dire|477934|Kyo|44
76108768|Récidiviste|454689|Kyo|44
365338|Contact|431715|Kyo|44
76108769|On se tourne autour|454141|Kyo|44
122450802|Ain't Your Mama|983253|Jennifer Lopez|45
596589|Get Right|781440|Jennifer Lopez|45
8930372|On The Floor|811333|Jennifer Lopez|45
627287|Let's Get Loud|739280|Jennifer Lopez|45
86401371|Booty|841697|Jennifer Lopez|45
628099|Jenny from the Block|762409|Jennifer Lopez|45
10496676|Papi|693743|Jennifer Lopez|45
10496671|On The Floor|711683|Jennifer Lopez|45
627125|I'm Real|622988|Jennifer Lopez|45
17616174|Dance Again|731075|Jennifer Lopez|45
10351591|I'm Into You|593539|Jennifer Lopez|45
13145680|If You Had My Love|614647|Jennifer Lopez|45
627112|Ain't It Funny (Album Version)|529547|Jennifer Lopez|45
67319599|Live It Up|651876|Jennifer Lopez|45
618317|Love Don't Cost a Thing|505101|Jennifer Lopez|45
623060|Play|568188|Jennifer Lopez|45
15589746|Stay Together (Album Version)|570227|Jennifer Lopez|45
15589747|Forever (Album Version)|539638|Jennifer Lopez|45
15589749|Do It Well (Album Version)|541508|Jennifer Lopez|45
95974406|Feel The Light|604529|Jennifer Lopez|45
13145272|All I Have|572301|Jennifer Lopez|45
15589757|Brave|501414|Jennifer Lopez|45
627289|No Me Ames|662799|Jennifer Lopez|45
13145686|Waiting for Tonight|541977|Jennifer Lopez|45
75881808|I Luh Ya Papi|559813|Jennifer Lopez|45
602282|Shine On (Album Version)|307177|Christine Milton|46
603596|Superstar|293246|Christine Milton|46
602295|If You Leave Me Now|238305|Christine Milton|46
602284|So Addictive|193545|Christine Milton|46
602289|Whiketywhack (I Ain't Coming Back)|181122|Christine Milton|46
602291|Head In The Clouds|113350|Christine Milton|46
602287|All Night (Back On The Inside)|0|Christine Milton|46
602298|Addict|71964|Christine Milton|46
603599|Loneliness|125693|Christine Milton|46
603602|What About You|149384|Christine Milton|46
13301073|So Addictive|184754|Christine Milton|46
13345413|Det' Forbi|126035|Christine Milton|46
13246593|Whiketywhack (I Ain't Coming Back)|93788|Christine Milton|46
13246601|Whiketywhack (I Ain't Coming Back)|68105|Christine Milton|46
13246596|Whiketywhack (I Ain't Coming Back)|0|Christine Milton|46
13301071|So Addictive|0|Christine Milton|46
13301072|So Addictive|0|Christine Milton|46
13246595|Whiketywhack (I Ain't Coming Back)|0|Christine Milton|46
13301076|So Addictive|218|Christine Milton|46
1132150|L'Aventurier|862549|Indochine|47
1048898|3 nuits par semaine|791966|Indochine|47
870090|J'ai demandé a la lune|760962|Indochine|47
1048928|Tes yeux noirs|632651|Indochine|47
1077176|3ème sexe|598520|Indochine|47
1078003|Canary Bay|580517|Indochine|47
64449028|College Boy|545809|Indochine|47
870096|Le grand secret|569103|Indochine|47
582820|Alice & June|549302|Indochine|47
2654570|Little Dolls|532166|Indochine|47
64449029|Memoria|480994|Indochine|47
64449027|Black City Parade|451826|Indochine|47
114392228|Traffic Girl|472660|Indochine|47
1132204|3e sexe|482618|Indochine|47
64449034|Traffic Girl|441610|Indochine|47
4096694|Le Lac|453836|Indochine|47
870084|Electrastar|438141|Indochine|47
62083293|Memoria|429668|Indochine|47
114392246|Un jour dans notre vie|408340|Indochine|47
114392226|Electrastar|427718|Indochine|47
114392244|Le grand secret|434277|Indochine|47
1048893|Les tzars|421955|Indochine|47
10322438|J'ai demandé à la lune|428704|Indochine|47
870088|Mao Boy|411082|Indochine|47
60946011|Un Ange A Ma Table|406883|Indochine|47
3747667|Petit frère|790142|IAM|48
3095889|Je danse le Mia|747026|IAM|48
3095897|L'empire du Côté Obscur|677295|IAM|48
73956350|Nés sous la même étoile|685877|IAM|48
73956348|L'école du micro d'argent|668915|IAM|48
73956351|La saga|649407|IAM|48
73956353|Elle donne son corps avant son nom|620853|IAM|48
16003078|La fin de leur monde|605541|IAM|48
3095902|Demain, c'est loin|599681|IAM|48
73956349|Dangereux|597721|IAM|48
73956359|Un bon son brut pour les truands|564917|IAM|48
73956362|Un cri court dans la nuit (feat. Nuttea)|547334|IAM|48
73956356|L'enfer (feat. East & Fabe)|542742|IAM|48
73956357|Quand tu allais, on revenait|523342|IAM|48
73956358|Chez le Mac|534577|IAM|48
73956355|Regarde|537232|IAM|48
73956361|Bouger la tête|509562|IAM|48
3095888|Une femme seule|513250|IAM|48
73956364|Independenza|488119|IAM|48
3521911|Sad Hill|505777|IAM|48
66660896|Les Raisons De La Colère|495511|IAM|48
3090415|Noble Art (feat. Method Man & Redman)|475250|IAM|48
3090418|Revoir un printemps|472405|IAM|48
70707532|Marseille la nuit|431205|IAM|48
66660899|Benkei Et Minamoto|444911|IAM|48
95683306|Marche|855731|Akhenaton|49
3118942|Bad Boys de Marseille (Feat. Shurik'n)|694392|Akhenaton|49
2702664|11'30 contre les lois racistes|632621|Akhenaton|49
99161868|Vivre maintenant|582971|Akhenaton|49
3276722|Manifeste|537080|Akhenaton|49
89359855|Souris, encore...|516970|Akhenaton|49
3747649|Bad Boys de Marseille|448311|Akhenaton|49
3118949|Mon texte, le savon|473409|Akhenaton|49
89359843|Tempus fugit|458081|Akhenaton|49
15642223|J'voulais dire|453725|Akhenaton|49
2702666|16 30 Contre La Censure|407076|Akhenaton|49
89359845|Même les anges|446195|Akhenaton|49
1036273|La Résistance|407773|Akhenaton|49
5652262|Street Football|406045|Akhenaton|49
89359851|Je suis en vie|403413|Akhenaton|49
3148073|Nid de guêpes|408340|Akhenaton|49
89359859|Deuxième chance|403142|Akhenaton|49
3134119|L'américano|386798|Akhenaton|49
89359873|Mon texte le savon part III|387983|Akhenaton|49
3134109|La Cosca|383695|Akhenaton|49
3369962|New York City Transit|374426|Akhenaton|49
3118944|Rien à perdre|362367|Akhenaton|49
3135134|N|402201|Akhenaton|49
5522946|Entrer dans la légende|363737|Akhenaton|49
3134115|Eclater un type des Assedic|380502|Akhenaton|49
2237702|Oh Boy|682542|Cam'ron|51
2237709|Hey Ma|629258|Cam'ron|51
81303852|So Bad (feat. Nicki Minaj, Yummy)|340478|Cam'ron|51
3010019|Down And Out|346127|Cam'ron|51
3010017|Killa Cam / Roll That Skit|310694|Cam'ron|51
75850426|Da Jungle|316418|Cam'ron|51
2237707|Welcome To New York City|312084|Cam'ron|51
89296707|Lonely|271311|Wiley|2370
830489|What Means The World To You (Album Version)|308838|Cam'ron|51
2237706|Come Home With Me|316239|Cam'ron|51
2246672|Champions|316208|Cam'ron|51
81184818|Luv Me|305932|Hell Rell|123682
2237705|Daydreaming|314432|Cam'ron|51
830397|Horse & Carriage|307454|Cam'ron|51
88783993|Touch The Sky (feat. Wiz Khalifa & Smoke Dza)|313164|Cam'ron|51
3010014|More Gangsta Music|314286|Cam'ron|51
3010020|Harlem Streets|313283|Cam'ron|51
81184824|What Up|304655|Hell Rell|123682
15019110|Incarcerated Scarfaces|314696|Cam'ron|51
91919390|Soulplane|309444|Cam'ron|51
91919394|C.F.W.U. (CANTFUCKWITHUS) (feat. Jim Jones & Hell Rell)|306918|Cam'ron|51
91919380|Funeral|317774|Cam'ron|51
91919388|Lala|305186|Cam'ron|51
4836036|The Roc (Just Fire)|314291|Cam'ron|51
10572758|Let Me Know|314376|Cam'ron|51
6611231|Boulevard Of Broken Dreams (Single Album Version)|852410|Green Day|52
3788287|21 Guns|812755|Green Day|52
715954|Holiday|799624|Green Day|52
773430|Wake Me Up When September Ends|801375|Green Day|52
678465|Basket Case|850124|Green Day|52
773367|American Idiot|769972|Green Day|52
678044|Basket Case|743812|Green Day|52
778429|Good Riddance (Time Of Your Life)|758649|Green Day|52
773393|Holiday/Boulevard Of Broken Dreams|658521|Green Day|52
3087228|Know Your Enemy|657551|Green Day|52
773379|Jesus Of Suburbia|621154|Green Day|52
678040|Welcome To Paradise|597837|Green Day|52
678053|When I Come Around|658061|Green Day|52
773453|Whatsername|514007|Green Day|52
773410|Give Me Novacaine/She's A Rebel|539278|Green Day|52
787190|Holiday/Boulevard Of Broken Dreams|673513|Green Day|52
3087227|21st Century Breakdown|512582|Green Day|52
3087229|¡Viva La Gloria!|493640|Green Day|52
3087237|¿Viva La Gloria? (Little Girl)|453913|Green Day|52
773401|Are We The Waiting/St. Jimmy|517483|Green Day|52
4677025|The Saints Are Coming|439787|Green Day|52
5931800|American Idiot (Feat. John Gallagher Jr., Stark Sands, Michael Esper, Rebecca Naomi Jones, Christina Sajous, Mary Faber, Tony Vinc|451740|Green Day|52
730931|Working Class Hero|439678|Green Day|52
678045|She|553865|Green Day|52
678038|Longview|494072|Green Day|52
1124835|Jeunesse Frustrée (feat.Cheb Sahraoui)|306582|Gomez & Dubois|53
3116733|Take Me Away|380643|Christina Vidal|54
3116729|What I Like About You|329897|Lillix|55
3906884|Sweet Temptation|288953|Lillix|55
3916589|Tomorrow|299771|Lillix|55
3917805|It's About Time|295234|Lillix|55
13010684|Through The Night|295798|Lillix|55
13010683|Say No More|296332|Lillix|55
13010685|Dance Alone|295525|Lillix|55
13010687|Back Up Girl|305016|Lillix|55
85530894|Sweet Temptation|302671|Lillix|55
13010681|Believer|317102|Lillix|55
13010680|Dreamland|312786|Lillix|55
13010686|7 Days|294369|Lillix|55
13010682|Nowhere To Run|293206|Lillix|55
11046282|Dance Alone|317162|Lillix|55
13010688|This Is Goodbye|298361|Lillix|55
13010689|Back Up Girl|297067|Lillix|55
746271|La Fête Des Voisins|311824|Laurent Gerra|56
745929|Chirac La DDE|230809|Laurent Gerra|56
745935|La Médaille Miraculeuse|310084|Laurent Gerra|56
745924|Le Banquet De Le Pen Et Le Pen Dans Le L'métro|244020|Laurent Gerra|56
746223|Nicolas Président|316717|Laurent Gerra|56
745952|Les 500 Signatures/ Le Pen Téléphone|294133|Laurent Gerra|56
745990|Le Slip Pour Pêteurs|295562|Laurent Gerra|56
746261|Nicolas En Short|305591|Laurent Gerra|56
14464345|Vieille Canaille|278911|Laurent Gerra|56
746192|Le 1er Mai|317284|Laurent Gerra|56
746018|Le Pen A LIlle|313908|Laurent Gerra|56
745958|Sarkosy A Londres|242918|Laurent Gerra|56
745932|Chirac L'EDF|315932|Laurent Gerra|56
746023|Delarue|299847|Laurent Gerra|56
746033|Les Sandwichs|236651|Laurent Gerra|56
746298|Le Lundi De Pencôte|311770|Laurent Gerra|56
746209|Après Le Débat|312142|Laurent Gerra|56
746050|Drucker, Les Victoires De La Musique|300620|Laurent Gerra|56
746056|Les Comportements Sexuels|299112|Laurent Gerra|56
746013|Les Eléphants|291796|Laurent Gerra|56
745966|La Gaffeuse|308969|Laurent Gerra|56
745970|La Suite Des Misérables|306032|Laurent Gerra|56
745976|La Sonnerie Portable 2|302898|Laurent Gerra|56
745984|Medium|303956|Laurent Gerra|56
746108|Jeanne Moreau Et Ségolène|295281|Laurent Gerra|56
4384121|Cette femme est un héros|269204|Leopold Nord|287981
18236606|Jeter l'encre|311758|Sarah Eddy|2178321
119782306|Who Wants It|348363|KCPK|58
84776553|Better Love|290538|KCPK|58
84776557|Rules|311703|KCPK|58
119782310|Who Wants It|199416|KCPK|58
119782308|Who Wants It|265076|KCPK|58
84776559|Better Love|297442|KCPK|58
84776555|Better Love|316421|KCPK|58
119782312|Who Wants It|211147|KCPK|58
101831781|Five to One|295053|KCPK|58
84776561|Better Love|289815|KCPK|58
101831783|Five to One|304297|KCPK|58
101831785|Five to One|293557|KCPK|58
101831787|Five to One|248161|KCPK|58
89629797|Blue (Da Ba Dee)|708672|Eiffel 65|59
89629717|Blue (Da Ba Dee)|607813|Eiffel 65|59
18061916|Move Your Body|484615|Eiffel 65|59
46641211|Blue (da ba dee) [Gabry ponte rmx Radio]|483722|Eiffel 65|59
123809654|Blue (Da Ba Dee)|472059|Eiffel 65|59
89629793|Blue (Da Ba Dee)|393150|Eiffel 65|59
89629711|Too Much Of Heaven|325152|Eiffel 65|59
18205215|Life Like Thunder|306424|Eiffel 65|59
60973291|Blue 2009|317878|Eiffel 65|59
18205221|People Of Tomorrow|307457|Eiffel 65|59
18205219|Losing You|311431|Eiffel 65|59
89629767|Blue (Da Ba Dee)|290262|Eiffel 65|59
114106444|Move Your Body|304130|Eiffel 65|59
18205237|Cosa Resterà (In A Song)|296998|Eiffel 65|59
18205206|Lucky (In My Life)|290285|Eiffel 65|59
89629801|Blue (Da Ba Dee)|312116|Eiffel 65|59
18205230|Voglia Di Dance All Night|274230|Eiffel 65|59
89629735|Another Race|335686|Eiffel 65|59
89629723|Dub In Life|302511|Eiffel 65|59
18205213|I Don't Wanna Lose|302178|Eiffel 65|59
89629739|Now Is Forever|299290|Eiffel 65|59
18205223|Viaggia Insieme A Me|292888|Eiffel 65|59
18205224|Viaggia Insieme A Me|314642|Eiffel 65|59
89629751|Move Your Body Golden Remixes|294399|Eiffel 65|59
89629737|The Edge|307111|Eiffel 65|59
3143602|Lune De Miel|632987|Don Choa|60
898760|Dr. Hannibal|577201|Don Choa|60
898762|Don Choa mitraille|397912|Don Choa|60
36315751|Atmosphère suspecte|442761|Don Choa|60
538638|Ne te tue pas|358261|Don Choa|60
538636|Le sud le fait mieux|363193|Don Choa|60
538628|Anesthésie générale|350318|Don Choa|60
2168413|Un oeil sur nous|314071|Don Choa|60
538627|Jungle de béton|315695|Don Choa|60
538630|Voiture bélier|305747|Don Choa|60
538633|Redbull|304598|Don Choa|60
538639|Plus loin|316271|Don Choa|60
538624|Vies de chiens|248258|Don Choa|60
538625|Toute la nuit|295501|Don Choa|60
538631|Ghetto Youth|298054|Don Choa|60
538634|Chip Leader|309458|Don Choa|60
538632|Rodeo|299177|Don Choa|60
538635|Inflammable|301359|Don Choa|60
538629|Toutes les zones|296664|Don Choa|60
1277935|Everybody dance|256549|Rampage|252311
538637|Demain j't'appelle|314300|Don Choa|60
80966140|Le Sud Le Fait Mieux - 2007 (feat. Billy Bats & Soprano) [DJ Djel remix]|289048|Don Choa|60
79968672|Laisse-nous débarquer|262689|Don Choa|60
80228548|Laisse-nous débarquer|291061|Don Choa|60
78506977|Laisse nous débarquer|304586|Don Choa|60
9812699|Nuit de folie|670212|Début de Soirée|61
9812724|La vie la nuit|405288|Début de Soirée|61
109874960|Jardins d'enfants|379246|Début de Soirée|61
3545093|Nuit De Folie|340302|Début de Soirée|61
9812729|Nuit de folie|340082|Début de Soirée|61
14750322|Nuit de folie|260420|Début de Soirée|61
83092134|Belles belles belles|316453|Début de Soirée|61
3545091|Nuit De Folie|290451|Début de Soirée|61
82603702|Le jerk|284436|Début de Soirée|61
3545092|Nuit De Folie|310584|Début de Soirée|61
14515368|Chance|289283|Début de Soirée|61
14515380|La vie la nuit|292422|Début de Soirée|61
8174854|Belles belles belles|298154|Début de Soirée|61
14750325|Belles belles belles|317354|Début de Soirée|61
14750328|Refrain d'enfer|289984|Début de Soirée|61
14515370|Tous les paradis|288317|Début de Soirée|61
14515372|Week-end Dance|288949|Début de Soirée|61
14750323|La vie la nuit|307008|Début de Soirée|61
92598498|Nuit de folie|318130|Début de Soirée|61
14515374|De révolutions en satisfactions|291500|Début de Soirée|61
14515377|Refrain d'enfer|299809|Début de Soirée|61
14750324|Jardins d'enfants|298409|Début de Soirée|61
14750327|La vie la nuit|315690|Début de Soirée|61
14515376|Tout pour la danse|317461|Début de Soirée|61
14750326|Chance|292763|Début de Soirée|61
11118881|We Are The World|682743|U.S.A. for Africa|62
249485|Caroline|897039|MC Solaar|63
6579511|Solaar pleure|699760|MC Solaar|63
6579515|Hasta la Vista Mi Amor!|639083|MC Solaar|63
209377|Da Vinci Claude|602632|MC Solaar|63
15003618|La belle et le bad boy|595268|MC Solaar|63
249262|La vie est belle|541308|MC Solaar|63
15003622|RMI|532678|MC Solaar|63
9825866|Inch'allah|541429|MC Solaar|63
249492|Bouge de là|524058|MC Solaar|63
15003614|Lève-toi et rap|494312|MC Solaar|63
249490|Nouveau western|496366|MC Solaar|63
249484|Séquelles|477453|MC Solaar|63
249495|Les temps changent|499278|MC Solaar|63
15003621|Dégâts collatéraux|479145|MC Solaar|63
15003619|Arkansas|464950|MC Solaar|63
249486|Obsolète|461569|MC Solaar|63
15003620|Baby Love|464666|MC Solaar|63
249420|Hasta la vista|454454|MC Solaar|63
15003629|Si je meurs ce soir|428675|MC Solaar|63
15003615|Les colonies|446528|MC Solaar|63
249493|Victime de la mode|428127|MC Solaar|63
15003624|L'aigle ne chasse pas les mouches|425743|MC Solaar|63
15003626|Le cinquième as|412452|MC Solaar|63
15003623|C'est ça que les gens veulent|430349|MC Solaar|63
209374|Carpe Diem|439757|MC Solaar|63
15220661|I Know What You Want (Album Version)|824274|Mariah Carey|65
595920|Without You|799801|Mariah Carey|65
596015|Hero|755517|Mariah Carey|65
596057|When You Believe (from The Prince of Egypt)|680511|Mariah Carey|65
2305654|We Are The World|718291|Mariah Carey|65
13178611|I Know What You Want|670546|Mariah Carey|65
596046|My All|656099|Mariah Carey|65
62710442|All I Want for Christmas Is You|642649|Mariah Carey|65
99408480|One Sweet Day|690414|Mariah Carey|65
596030|Always Be My Baby|700712|Mariah Carey|65
4247272|I Want To Know What Love Is|632678|Mariah Carey|65
67235434|#Beautiful|705825|Mariah Carey|65
979860|Touch My Body|646012|Mariah Carey|65
2511970|We Belong Together|701181|Mariah Carey|65
596023|Fantasy|603915|Mariah Carey|65
596068|Heartbreaker|549193|Mariah Carey|65
608920|Every Time I Close My Eyes|697534|Babyface|270
4247257|Obsessed|548157|Mariah Carey|65
595913|Emotions (Album Version)|619104|Mariah Carey|65
596012|I'll Be There (Album Version)|520090|Mariah Carey|65
99408478|Fantasy|568745|Mariah Carey|65
596039|Honey (Album Version)|538611|Mariah Carey|65
596079|Against All Odds (Take a Look at Me Now)|506374|Mariah Carey|65
101030734|Whenever You Call|511183|Mariah Carey|65
2511969|It's Like That|516112|Mariah Carey|65
1141668|In Da Club|916203|50 Cent|66
2229726|Candy Shop|784584|50 Cent|66
124470160|No Romeo No Juliet|851525|50 Cent|66
1141674|P.I.M.P.|845933|50 Cent|66
124197688|I'm The Man|795870|50 Cent|66
2951016|Crack A Bottle|740407|Eminem|13
115707320|Too Rich For The Bitch|716860|50 Cent|66
1141671|If I Can't|775827|50 Cent|66
907061|Just A Lil Bit|724473|50 Cent|66
925980|Ayo Technology|725109|50 Cent|66
1141667|Many Men (Wish Death)|712113|50 Cent|66
2124128|Window Shopper|686483|50 Cent|66
1141677|21 Questions|714521|50 Cent|66
1575472|You Don't Know|741341|Eminem|13
117986332|Tryna F**k Me (feat. Post Malone)|614278|50 Cent|66
907060|Disco Inferno|639852|50 Cent|66
2304524|When It Rains It Pours|576477|50 Cent|66
907055|Outta Control|594982|50 Cent|66
117986326|N..GA NI..A (feat. Lil Boosie)|563709|50 Cent|66
1141665|What Up Gangsta|615854|50 Cent|66
2304525|Best Friend|629344|50 Cent|66
1099999|I'll Still Kill|605682|50 Cent|66
65672691|We Up|545634|50 Cent|66
1141666|Patiently Waiting|600012|50 Cent|66
105389132|9 Shots|583630|50 Cent|66
2267042|I Was Made For Lovin' You|805730|Kiss|67
880923|Rock And Roll All Nite|708243|Kiss|67
920414|Rock And Roll All Nite|570044|Kiss|67
87886467|Love Gun|579046|Kiss|67
1184297|Nothin' To Lose|501209|Kiss|67
2524459|Beth|491908|Kiss|67
1101214|Crazy Crazy Nights|545939|Kiss|67
880906|I Love It Loud|449163|Kiss|67
1124258|Detroit Rock City|518229|Kiss|67
880910|Lick It Up|465972|Kiss|67
2524451|Strutter|426196|Kiss|67
4290325|Love Gun|342807|Kiss|67
2524456|Rock And Roll All Nite|493590|Kiss|67
920416|Deuce|344042|Kiss|67
880903|Detroit Rock City|427436|Kiss|67
60868906|Hell Or Hallelujah|354798|Kiss|67
2267044|Sure Know Something|383767|Kiss|67
2524470|Forever|578508|Kiss|67
880912|Heaven's On Fire|441093|Kiss|67
87917013|Every Time I Look At You|393360|Kiss|67
2524452|Deuce|353011|Kiss|67
87917003|Sure Know Something|343230|Kiss|67
2524468|I Love It Loud|384211|Kiss|67
2524458|Shout It Out Loud|364924|Kiss|67
87917021|Rock 'N' Roll All Nite|409646|Kiss|67
14241633|Stronger (What Doesn't Kill You)|956764|Kelly Clarkson|68
546130|Because of You|888745|Kelly Clarkson|68
93029240|Heartbeat Song|850963|Kelly Clarkson|68
62118993|Since U Been Gone|747944|Kelly Clarkson|68
120130334|Piece by Piece|684984|Kelly Clarkson|68
114018086|Don't You Wanna Stay|602049|Jason Aldean|7830
534077|Breakaway|659121|Kelly Clarkson|68
62118994|My Life Would Suck Without You|630143|Kelly Clarkson|68
534078|Behind These Hazel Eyes|440541|Kelly Clarkson|68
14241634|Dark Side|536712|Kelly Clarkson|68
62119000|Already Gone|587621|Kelly Clarkson|68
534076|Since U Been Gone|587324|Kelly Clarkson|68
2429762|The Trouble With Love Is|348815|Kelly Clarkson|68
113371646|Piece by Piece|507469|Kelly Clarkson|68
534080|Addicted|397392|Kelly Clarkson|68
95661868|Heartbeat Song|495925|Kelly Clarkson|68
62119006|People Like Us|520101|Kelly Clarkson|68
576475|Because Of You|408038|Kelly Clarkson|68
61307494|Catch My Breath|560774|Kelly Clarkson|68
62119012|I Do Not Hook Up|492828|Kelly Clarkson|68
534079|Gone|353507|Kelly Clarkson|68
95292416|Run Run Run|450354|Kelly Clarkson|68
120378842|Piece by Piece|544657|Kelly Clarkson|68
95292410|Someone|413645|Kelly Clarkson|68
632263|Miss Independent|481394|Kelly Clarkson|68
3106442|Match nul|674635|Kayliah|69
3106444|Qui est l'exemple|564026|Kayliah|69
3519734|quand une fille est love|523475|Kayliah|69
3520197|Ma déclaration|508693|Kayliah|69
551235|N'tya|480724|Kayliah|69
3520196|Le choix de la vie|436108|Kayliah|69
3520188|Caractere|438935|Kayliah|69
3520199|Mon premier amour|454106|Kayliah|69
3520191|Le test|427718|Kayliah|69
3520190|Nous on pleure pas|435593|Kayliah|69
62030585|Te Quiero|433187|Kayliah|69
3519736|Soleil De Ma Vie|385765|Kayliah|69
3520193|Si tu t'en vas|372514|Kayliah|69
3520189|Thug love|395107|Kayliah|69
3519733|Belly Dance|378490|Kayliah|69
3519739|BANG BANG|356887|Kayliah|69
3520027|quand une fille est love|346200|Kayliah|69
3520198|C'est une bonne journée|338056|Kayliah|69
3520194|L'hymne du ghetto|306050|Kayliah|69
3520195|A l'époque|290230|Kayliah|69
3520192|Ne te retourne pas|297627|Kayliah|69
3519737|Je Te Déteste|283287|Kayliah|69
3519742|Mamzel Rosa|289150|Kayliah|69
3519741|Les Choses Essentielles|293679|Kayliah|69
3115020|Le bruit des armes|285760|Kayliah|69
1155001|La Camisa Negra|742313|Juanes|70
1098747|A Dios Le Pido|624309|Juanes|70
6075025|Ay Haiti!|738611|Juanes|70
75481519|Una Flor|516261|Juanes|70
73590063|La Luz|566190|Juanes|70
7562980|Fotografía|642330|Juanes|70
911538|Me Enamora|516716|Juanes|70
1154999|Para Tu Amor|608489|Juanes|70
75481525|Radio Elvis|290565|Juanes|70
1155008|Volverte A Ver|554228|Juanes|70
1155002|Nada Valgo Sin Tu Amor|574266|Juanes|70
102342756|Juntos|347837|Juanes|70
1098748|Es Por Tí|604444|Juanes|70
102342758|La Luz|417940|Juanes|70
1155000|Sueños|341634|Juanes|70
1155003|No Siento Penas|360222|Juanes|70
1098756|Mala Gente|463795|Juanes|70
1155014|La Camisa Negra|292699|Juanes|70
1098751|La Paga|421062|Juanes|70
1155004|Damelo|340955|Juanes|70
1155006|Rosario Tijeras|365664|Juanes|70
1154998|Amame|316160|Juanes|70
75481515|Mil Pedazos|423755|Juanes|70
1155009|Tu Guardian|352321|Juanes|70
1155005|Lo Que Me Gusta A Mi|370857|Juanes|70
7395399|Bounce|318145|Tune Up!|71
7395398|Ravers Fantasy|309493|Tune Up!|71
7395402|Dance Dance (feat. Andy Lopez)|312971|Tune Up!|71
2852201|Have U Ever Been Mellow|313010|Tune Up!|71
7395405|Ride On Time|289313|Tune Up!|71
7395410|Ravers Fantasy|310212|Tune Up!|71
7395401|Rhythm & Drums|267174|Tune Up!|71
2852200|Feel Fine|298859|Tune Up!|71
7395428|Ride On Time|292939|Tune Up!|71
2852197|Feel Fine|293955|Tune Up!|71
7395409|Start the game again|295430|Tune Up!|71
7395403|Forever Young|293572|Tune Up!|71
7395413|Rhythm & Drums|307736|Tune Up!|71
119137948|Ride on Time|262863|Tune Up!|71
119137962|Bounce|311529|Tune Up!|71
7395406|Another day|311516|Tune Up!|71
2852198|Have U Ever Been Mellow|232436|Tune Up!|71
7395415|Forever Young|299112|Tune Up!|71
7395427|Ride On Time|314933|Tune Up!|71
7395411|Bounce|302366|Tune Up!|71
119137956|Rhythm & Drums|262863|Tune Up!|71
2852100|Rhythm & Drums|273367|Tune Up!|71
119137926|Feel Fine|262863|Tune Up!|71
5038540|Basstest|298003|Tune Up!|71
119137938|Have You Ever Been Mellow|262863|Tune Up!|71
715929|Remember The Name (feat. Styles Of Beyond)|747154|Fort Minor|72
735181|Where'd You Go (feat. Holly Brook & Jonah Matranga)|572945|Fort Minor|72
3906989|Remember The Name (feat. Styles Of Beyond)|578686|Fort Minor|72
102835904|Welcome|496250|Fort Minor|72
3614522|High Road (feat. John Legend)|423561|Fort Minor|72
3614513|Right Now (feat. Black Thought Of The Roots & Styles Of Beyond)|428692|Fort Minor|72
3614520|Believe Me (feat. Bobo & Styles Of Beyond)|400541|Fort Minor|72
3614523|Kenji|361915|Fort Minor|72
3614526|Slip Out The Back (feat. Mr. Hahn)|298139|Fort Minor|72
3906990|High Road|333294|Fort Minor|72
3614524|Red To Black (feat. Kenna, Jonah Matranga & Styles Of Beyond)|306361|Fort Minor|72
3614517|In Stereo|318114|Fort Minor|72
3614515|Feel Like Home (feat. Styles Of Beyond)|306156|Fort Minor|72
3614518|Back Home (feat. Common & Styles Of Beyond)|269657|Fort Minor|72
3614519|Cigarettes|315507|Fort Minor|72
715932|Remember The Name (feat. Styles Of Beyond)|279951|Fort Minor|72
3614514|Petrified|326246|Fort Minor|72
3614521|Get Me Gone|314310|Fort Minor|72
3614525|The Battle (feat. Celph Titled)|241102|Fort Minor|72
3614511|Introduction|282785|Fort Minor|72
3614527|Petrified|311921|Fort Minor|72
3906991|There They Go|309118|Fort Minor|72
3910706|There They Go (feat. Sixx John)|300810|Fort Minor|72
3906992|Believe Me (feat. Bobo & Styles Of Beyond)|297014|Fort Minor|72
3906993|Petrified|301329|Fort Minor|72
1015329|The Message|817644|Nas|73
2189036|Affirmative Action|713808|Nas|73
15487960|I Can|695299|Nas|73
1015332|If I Ruled the World (Imagine That)|739950|Nas|73
3567808|Nas Is Like|633429|Nas|73
1013931|Affirmative Action|591277|Nas|73
586870|Bridging the Gap|553294|Nas|73
70896488|Get Down|588296|Nas|73
77183278|Represent|501263|Nas|73
910770|Hip Hop Is Dead|532630|Nas|73
619412|The World Is Yours|441502|Nas|73
7634993|Hate Me Now|510875|Nas|73
617113|N.Y. State Of Mind|523681|Nas|73
77879670|Got Ur Self A...|513513|Nas|73
1015321|Street Dreams|447096|Nas|73
70896501|Heaven|435136|Nas|73
70896500|Dance|440056|Nas|73
15747785|Shoot 'em Up|430505|Nas|73
5199238|Grand Finale|474444|Nas|73
982687|Hero|413704|Nas|73
77096689|Life's a Bitch|452446|Nas|73
4530762|Governmentalist|381460|Joss Stone|821
1013842|Take It In Blood|391602|Nas|73
1015270|I Gave You Power|419792|Nas|73
1014267|Shootouts|374927|Nas|73
662458|Breathe|671487|Fabolous|74
7826607|Start It Up|645205|Lloyd Banks feat. Kanye West, Swizz Beatz, Ryan Leslie, & Fabolous|1016411
671366|Into You (feat. Ashanti)|591240|Fabolous|74
4187384|Everything, Everyday, Everywhere|533901|Fabolous|74
92815496|She Wildin'|641424|Fabolous|74
671348|Can't Let You Go (feat. Mike Shorey & Lil' Mo)|601964|Fabolous|74
6903769|You Be Killin Em|513527|Fabolous|74
92815498|Ball Drop|491767|Fabolous|74
124076554|Doin It Well|583368|Fabolous|74
124076552|Real One|545346|Fabolous|74
1138690|Make Me Better|549733|Fabolous|74
925892|Shawty Is Da Sh*!|472628|Fabolous|74
671393|Into You (feat. Tamia)|518475|Fabolous|74
671390|Trade It All PT2 (feat. P. Diddy & Jagged Edge)|499478|Fabolous|74
4109347|My Time|382811|Fabolous|74
4187385|Throw It In The Bag|381402|Fabolous|74
119402534|Vanilla|310043|Fabolous|74
124076566|Thim Slick|476473|Fabolous|74
124076586|The Plug|428102|Fabolous|74
115469134|I Be On Dat|460250|Fabolous|74
124076562|You Know|424857|Fabolous|74
124076568|Vanilla|446307|Fabolous|74
124076574|For The Summer|409092|Fabolous|74
124076572|Summertime Sadness|429557|Fabolous|74
63497752|Ready|367830|Fabolous|74
80718716|Simon Says|541768|Pharoahe Monch|75
2428566|Oh No|479784|Pharoahe Monch|75
6416088|Sinon says|304621|Pharoahe Monch|75
76075460|D.R.E.A.M. (feat. Talib Kweli)|260821|Pharoahe Monch|75
1099298|So Good|294351|Pharoahe Monch|75
74686451|Bad MF|257620|Pharoahe Monch|75
76075454|Rapid Eye Movement (feat. Black Thought)|298671|Pharoahe Monch|75
1099287|Push|288243|Pharoahe Monch|75
1099292|Let's Go|297583|Pharoahe Monch|75
1099286|Desire|306463|Pharoahe Monch|75
1099295|Bar Tap|301842|Pharoahe Monch|75
76075448|Time2|290438|Pharoahe Monch|75
76075451|Damage|318045|Pharoahe Monch|75
76075449|Losing My Mind (feat. dEnAuN)|299345|Pharoahe Monch|75
76075450|Heroin Addict|298626|Pharoahe Monch|75
77026807|Get Down (feat. DJ Revolution) [prod. By M-Phazes]|292016|Pharoahe Monch|75
76075455|Scream|289769|Pharoahe Monch|75
76075457|The Jungle|293914|Pharoahe Monch|75
1099294|Body Baby|300004|Pharoahe Monch|75
74654465|Black Out|301891|Ghostface Killah|2528
3010563|WW III|313601|Pharoahe Monch|75
99187934|Cooking|314323|Denaun feat. Royce da 5'9\ and Pharoahe Monch|7865154
2486843|The Life|302747|Pharoahe Monch|75
1099285|Free|303301|Pharoahe Monch|75
1099288|Welcome To The Terrordome|274279|Pharoahe Monch|75
69779542|Right Here, Right Now|701911|Fatboy Slim|76
69779535|The Rockafeller Skank|653009|Fatboy Slim|76
69743459|Right Here, Right Now|622792|Fatboy Slim|76
69743350|Praise You|600477|Fatboy Slim|76
73741841|Eat Sleep Rave Repeat (Calvin Harris Radio Edit)|541905|Fatboy Slim|76
69779536|Praise You|523289|Fatboy Slim|76
4732798|Praise You|574860|Fatboy Slim|76
69743416|The Rockafeller Skank|481254|Fatboy Slim|76
74020817|Eat Sleep Rave Repeat (Dimitri Vegas & Like Mike vs Ummet Ozcan Tomorrowland Radio Edit)|452244|Fatboy Slim|76
69743426|Don't Let the Man|440310|Fatboy Slim|76
69779538|Weapon of Choice|457664|Fatboy Slim|76
69779546|Don't Let the Man Get You Down|385428|Fatboy Slim|76
69743418|Gangster Tripping|393262|Fatboy Slim|76
69779539|Gangster Trippin|374062|Fatboy Slim|76
1116688|September/The Joker|450353|Fatboy Slim|76
69779528|Ya Mama|354693|Fatboy Slim|76
2438246|Because We Can|374102|Fatboy Slim|76
69743384|The Joker|386296|Fatboy Slim|76
73741843|Eat Sleep Rave Repeat (Calvin Harris Remix)|300768|Fatboy Slim|76
69743417|Fucking in Heaven|338876|Fatboy Slim|76
69779541|Wonderful Night|363112|Fatboy Slim|76
69779520|Praise You|336971|Fatboy Slim|76
69743420|Kalifornia|300874|Fatboy Slim|76
78541901|Eparrei|430349|Fatboy Slim|76
69743421|Soul Surfing|318065|Fatboy Slim|76
10599638|What's your number|194846|Mighty 44|77
61307393|Seuraavaan elämään|174467|Jannika B|1642490
10765097|Million Bucks|174365|Mighty 44|77
10599639|What's your number, The blush last night remix|114247|Mighty 44|77
10765098|Million Bucks|95092|Mighty 44|77
10599640|What's your number, blue room edit|93788|Mighty 44|77
10765099|Million Bucks|0|Mighty 44|77
97459202|Act A Fool|678143|Ludacris|78
2534219|Area Codes|613590|Ludacris|78
5471348|How Low|648739|Ludacris|78
61839631|Rest Of My Life|581000|Ludacris|78
2309090|Get Back|495441|Ludacris|78
2519103|Blueberry Yum Yum|512980|Ludacris|78
2231801|Stand Up|468677|Ludacris|78
74790488|Party Girls|512866|Ludacris|78
5471349|My Chick Bad|506745|Ludacris|78
97205624|Good Lovin|565188|Ludacris|78
2630709|Last Of A Dying Breed (co-starring Lil Wayne)|355161|Ludacris|78
61379331|Representin|417853|Ludacris|78
1575902|Money Maker|429806|Ludacris|78
97205610|Call Ya Bluff|389132|Ludacris|78
918108|What's Your Fantasy|386812|Ludacris|78
2534220|Growing Pains|501895|Ludacris|78
3112422|Holidae In|572711|Chingy|735
2519105|The Potion|382957|Ludacris|78
1575918|Runaway Love|379180|Ludacris|78
2630702|One More Drink (co-starring T-Pain)|349145|Ludacris|78
5471352|Sex Room|335011|Ludacris|78
97205670|Beast Mode|408340|Ludacris|78
97205692|Problems|354911|Ludacris|78
97205662|Ludaversal Intro|337412|Ludacris|78
97205622|Come And See Me|332823|Ludacris|78
1176787|Don't Speak|870998|No Doubt|79
1176775|Just A Girl|739920|No Doubt|79
1176776|It's My Life|663096|No Doubt|79
2540083|Just A Girl|510005|No Doubt|79
1176782|Underneath It All|567642|No Doubt|79
1176777|Hey Baby|537413|No Doubt|79
2460775|Hella Good|578574|No Doubt|79
1161451|Ex-Girlfriend|444980|No Doubt|79
1176779|Sunday Morning|433043|No Doubt|79
916247|Excuse Me Mr.|396146|No Doubt|79
916246|Spiderwebs|429777|No Doubt|79
60774734|Settle Down|419888|No Doubt|79
60774737|Push And Shove|372833|No Doubt|79
1176784|Running|405352|No Doubt|79
1176778|Bathwater|465678|No Doubt|79
916252|Different People|358662|No Doubt|79
60774735|Looking Hot|328337|No Doubt|79
1176789|Trapped In A Box|272877|No Doubt|79
1176781|New|369397|No Doubt|79
916254|The Climb|307751|No Doubt|79
916268|End It On This|284384|No Doubt|79
916269|Tragic Kingdom|306636|No Doubt|79
916249|Happy Now?|326449|No Doubt|79
1176786|Simple Kind Of Life|357317|No Doubt|79
1161463|Home Now|285331|No Doubt|79
3135032|Asleep From Day|658227|The Chemical Brothers|81
3135034|Hey Boy Hey Girl|682942|The Chemical Brothers|81
98920058|Go|738179|The Chemical Brothers|81
3130293|Galvanize (Album Version)|607658|The Chemical Brothers|81
3128255|Block Rockin' Beats|563502|The Chemical Brothers|81
103480128|Wide Open|561367|The Chemical Brothers|81
3141579|Galvanize|516970|The Chemical Brothers|81
3147134|Do It Again|531097|The Chemical Brothers|81
6283298|Escape Velocity|447400|The Chemical Brothers|81
103480108|Sometimes I Feel So Deserted|447975|The Chemical Brothers|81
3147136|The Salmon Dance|513562|The Chemical Brothers|81
3130295|Believe|418973|The Chemical Brothers|81
6283299|Another World|454002|The Chemical Brothers|81
6283302|Swoon|430158|The Chemical Brothers|81
115704864|Wide Open|405315|The Chemical Brothers|81
12351609|Container Park|300329|The Chemical Brothers|81
3135028|Out Of Control|400686|The Chemical Brothers|81
3135027|Under The Influence|380226|The Chemical Brothers|81
103480114|EML Ritual|391118|The Chemical Brothers|81
103480112|Under Neon Lights|385960|The Chemical Brothers|81
3088130|Star Guitar|414940|The Chemical Brothers|81
3252251|Where Do I Begin|424672|The Chemical Brothers|81
90099477|This Is Not A Game|314811|The Chemical Brothers|81
3088136|The Test|387902|The Chemical Brothers|81
6283297|Snow|339580|The Chemical Brothers|81
13197476|Stop the Rock|455558|Apollo 440|82
1030325|Ain't Talkin' 'Bout Dub|509158|Apollo 440|82
611727|Time Is Running Out (Album Version)|294665|Apollo 440|82
10157098|Vanishing Point|288522|Apollo 440|82
3140381|One Of A Kind|375885|Apollo 440|82
1029156|Stealth Mass In F#M|302172|Apollo 440|82
16077808|Love Is Evil|291997|Apollo 440|82
1026593|Altamont Super - Highway Revisited|306032|Apollo 440|82
10157103|Pain in Any Language|310779|Apollo 440|82
1028458|Electro Glide In Blue|292744|Apollo 440|82
13161948|Lost In Space (Theme)|315795|Apollo 440|82
16077809|Odessa Dubstep|303337|Apollo 440|82
1026596|Tears Of The Gods|315270|Apollo 440|82
13158445|Charlie's Angels 2000|294536|Apollo 440|82
1029578|Krupa|297762|Apollo 440|82
7035419|Electro Glide In Blue|313241|Apollo 440|82
13197529|Stop the Rock|305358|Apollo 440|82
1028165|Stealth Overture|289024|Apollo 440|82
611733|Christiane (Album Version)|311689|Apollo 440|82
611710|Hustler Groove (Album Version)|312423|Apollo 440|82
611720|1, 2, 3, 4|301948|Apollo 440|82
611705|Dude Descending A Staircase|289844|Apollo 440|82
13161954|Yo! Future|313242|Apollo 440|82
13161953|Stadium Parking Lot|303219|Apollo 440|82
13161950|Heart Go Boom|296061|Apollo 440|82
1161005|Don't Cha|783882|The Pussycat Dolls|83
2947119|Jai Ho! (You Are My Destiny)|702736|The Pussycat Dolls|83
3071256|Hush Hush; Hush Hush|625498|The Pussycat Dolls|83
2149886|I Hate This Part|663806|The Pussycat Dolls|83
978916|Buttons|695177|The Pussycat Dolls|83
931489|When I Grow Up|654194|The Pussycat Dolls|83
1161006|Beep|602410|The Pussycat Dolls|83
1161010|I Don't Need A Man|560376|The Pussycat Dolls|83
1161008|Stickwitu|575302|The Pussycat Dolls|83
978924|Sway|455278|The Pussycat Dolls|83
1161007|Wait A Minute|500990|The Pussycat Dolls|83
4124631|Hush Hush; Hush Hush|507180|The Pussycat Dolls|83
2149900|Perhaps Perhaps Perhaps|407417|The Pussycat Dolls|83
7292424|Happily Never After|336039|The Pussycat Dolls|83
2261987|Don't Cha|478623|The Pussycat Dolls|83
7292418|Bottle Pop|436418|The Pussycat Dolls|83
7292419|Whatcha Think About That|393282|The Pussycat Dolls|83
7292426|Halo|328572|The Pussycat Dolls|83
1161015|Tainted Love/ Where Did Our Love Go|373671|The Pussycat Dolls|83
2503980|Stickwitu|333613|The Pussycat Dolls|83
123759732|Hush Hush|333045|The Pussycat Dolls|83
1161011|Hot Stuff (I Want You Back)|275475|The Pussycat Dolls|83
1574335|How Many Times, How Many Lies|317187|The Pussycat Dolls|83
1161014|Right Now|312174|The Pussycat Dolls|83
7292425|Magic|300584|The Pussycat Dolls|83
2161211|In The Shadows|674098|The Rasmus|84
61970734|No Fear (Album Version)|385165|The Rasmus|84
61970738|Livin' in a World Without You|375015|The Rasmus|84
61970736|October & April|342605|The Rasmus|84
61970737|First Day Of My Life|331591|The Rasmus|84
2250573|Still Standing|360663|The Rasmus|84
2250577|Time To Burn|302632|The Rasmus|84
61970748|Ten Black Roses|316854|The Rasmus|84
2250579|Not Like The Other Girls|326261|The Rasmus|84
2250578|Guilty|379090|The Rasmus|84
3011062|Sail Away|314286|The Rasmus|84
2250575|In My Life|325907|The Rasmus|84
61970739|F-F-F-Falling|308819|The Rasmus|84
61970740|Chill|310036|The Rasmus|84
61970746|Open My Eyes (Acoustic Version)|309430|The Rasmus|84
2161214|Shot|313893|The Rasmus|84
124389290|Lucifer's Angel|313307|The Rasmus|84
124389294|Dead Promises|313307|The Rasmus|84
124389286|Night After Night (Out Of The Shadows)|313307|The Rasmus|84
124389300|Keep Your Heart Broken|313307|The Rasmus|84
61730706|Justify|305852|The Rasmus|84
61730709|You Got It Wrong|311828|The Rasmus|84
61730712|Dangerous Kind|316437|The Rasmus|84
124389292|Last Generation|313307|The Rasmus|84
124389296|Immortal|313307|The Rasmus|84
949279|Smack My Bitch Up|680431|The Prodigy|85
14111874|Invaders Must Die|606425|The Prodigy|85
949282|Breathe|622848|The Prodigy|85
14111875|Omen|597343|The Prodigy|85
949297|Firestarter|554761|The Prodigy|85
937284|Voodoo People (Pendulum Mix)|557208|The Prodigy|85
97756990|The Day is My Enemy|568920|The Prodigy|85
6435763|Stand Up|464960|The Prodigy|85
14111884|Stand Up|472263|The Prodigy|85
111802254|Shut 'Em Up|515179|The Prodigy, Public Enemy and Manfred Mann|9383788
949295|Mindfields|498396|The Prodigy|85
950369|Spitfire|500007|The Prodigy|85
97757006|Rhythm Bomb|451371|The Prodigy|85
937248|Out of Space|547634|The Prodigy|85
97757000|Wild Frontier|444980|The Prodigy|85
949286|Diesel Power|410218|The Prodigy|85
946466|Voodoo People|413619|The Prodigy|85
97756992|Nasty|433838|The Prodigy|85
14154338|Thunder|462032|The Prodigy|85
945738|Smack My Bitch Up (edit)|435300|The Prodigy|85
97757014|Invisible Sun|426830|The Prodigy|85
71602505|Run With the Wolves|449398|The Prodigy|85
949301|Climbatize|373634|The Prodigy|85
97756996|Ibiza|426981|The Prodigy|85
97757012|Medicine|402953|The Prodigy|85
73095129|Kóla, Jég És Whiskey|313597|Tankcsapda|86
123808036|Alföldi Gyerek|399237|Tankcsapda|86
87481307|Egyedül A Világ Ellen|309114|Tankcsapda|86
62730898|Bíbor köd|317834|Tankcsapda|86
73095033|Mennyország Tourist|435646|Tankcsapda|86
73095103|Rock A Nevem|304735|Tankcsapda|86
73095127|Csapda Vagyunk|310273|Tankcsapda|86
73095137|Mire Vagy Kíváncsi|309789|Tankcsapda|86
73095135|Új Nap Vár|307682|Tankcsapda|86
73095150|Voltam Már Bajban|310782|Tankcsapda|86
73095206|Adjon Az Ég|296732|Tankcsapda|86
73095200|Ébresztő Fel|312924|Tankcsapda|86
73095208|Örökké Tart|310488|Tankcsapda|86
73095254|Félre A Tréfát!|316328|Tankcsapda|86
73095309|Meg Kell Halnom|317975|Tankcsapda|86
87481309|Koponyák És Csontvázak|313001|Tankcsapda|86
73095328|Tudok Egy Munkát|307617|Tankcsapda|86
87481305|Semmi Pánik|317677|Tankcsapda|86
87481311|Olyan Mint Rég|315043|Tankcsapda|86
62730899|Kapcsolj ki|317504|Tankcsapda|86
113061172|Hatalom Nélküli Rend|314855|Tankcsapda|86
113061188|Számolj Vissza|306716|Tankcsapda|86
113061200|Mindig Péntek|308104|Tankcsapda|86
87481315|Ez Egy Ilyen Nap|309348|Tankcsapda|86
87481313|Vörös Rúzs|307178|Tankcsapda|86
27464901|Summer Paradise [feat. Sean Paul]|620118|Simple Plan|87
110131580|I Don't Wanna Go To Bed (Avec Nelly)|611990|Simple Plan|87
3658126|Welcome To My Life|700610|Simple Plan|87
10542550|Jet Lag|622916|Simple Plan|87
107395404|I Don't Wanna Be Sad|600787|Simple Plan|87
121239342|Singing In The Rain|588794|Simple Plan|87
846583|Take My Hand|536174|Simple Plan|87
54340821|Summer Paradise|552235|Simple Plan|87
846582|When I'm Gone|516675|Simple Plan|87
846585|Your Love Is A Lie|588625|Simple Plan|87
13547560|Astronaut|472001|Simple Plan|87
13547559|Jet Lag|490267|Simple Plan|87
3658506|I'm Just a Kid|536518|Simple Plan|87
3658135|Untitled|539937|Simple Plan|87
118956096|Singing In The Rain (feat. R. City)|398580|Simple Plan|87
846586|Save You|512990|Simple Plan|87
118328578|Opinion Overload|513049|Simple Plan|87
13547567|This Song Saved My Life|410476|Simple Plan|87
3658124|Perfect|680447|Simple Plan|87
118956094|Farewell (feat. Jordan Pundik)|349116|Simple Plan|87
118956098|Everything Sucks|394060|Simple Plan|87
118956092|Kiss Me Like Nobody's Watching|396088|Simple Plan|87
13547563|Freaking Me Out|405752|Simple Plan|87
3658130|Crazy|489407|Simple Plan|87
3658129|Me Against The World|453203|Simple Plan|87
4162693|Temperature|864710|Sean Paul|88
122222686|Paradise (feat. KStewart)|865378|Sean Paul|88
6345557|Hold My Hand [feat. Zaho]|711831|Sean Paul|88
662103|Get Busy|825193|Sean Paul|88
14500223|Got 2 Luv U (feat. Alexis Jordan)|774262|Sean Paul|88
111603012|One Wine|726065|Sean Paul|88
662104|Baby Boy (feat. Beyonce)|734107|Sean Paul|88
15107842|She Doesn't Mind|639418|Sean Paul|88
6611872|Break It Off (feat. Rihanna)|627660|Sean Paul|88
662113|I'm Still In Love With You|706556|Sean Paul|88
662101|Like Glue|714126|Sean Paul|88
67873528|Other Side Of Love|703253|Sean Paul|88
4162685|We Be Burnin' (Recognize It)|549888|Sean Paul|88
662099|Gimme The Light|633778|Sean Paul|88
4162687|Ever Blazin'|527193|Sean Paul|88
4162689|Give It Up To Me|507111|Sean Paul|88
16090939|Hold On|500676|Sean Paul|88
118189874|Tornado|569021|Sean Paul|88
91841954|Bum Bum (Remix)|577380|Timaya|1449654
119968212|Outta Control (feat. Yolanda Be Cool & Mayra Veronica)|555243|Sean Paul|88
885970|(When You Gonna) Give It Up To Me|561910|Sean Paul|88
4096449|So Fine|535722|Sean Paul|88
2594366|Snap Yo Fingers|637435|Sean Paul|88
6345542|Press It Up|416192|Sean Paul|88
4162691|Never Gonna Be The Same|425869|Sean Paul|88
2113541|Last Resort|867757|Papa Roach|89
2113544|Between Angels And Insects|683557|Papa Roach|89
112695334|Face Everything and Rise (Live)|624739|Papa Roach|89
1576703|...To Be Loved|576559|Papa Roach|89
2925009|Hollywood Whore|592705|Papa Roach|89
6435665|Scars|669006|Papa Roach|89
6435664|She Loves Me Not|598165|Papa Roach|89
93211020|Face Everything And Rise|551181|Papa Roach|89
6435666|Getting Away With Murder|544249|Papa Roach|89
6853756|Kick In The Teeth|487868|Papa Roach|89
2113545|Blood Brothers|541052|Papa Roach|89
6853757|No Matter What|469886|Papa Roach|89
93211022|Skeletons|453250|Papa Roach|89
60436941|Still Swingin|463259|Papa Roach|89
2113542|Broken Home|504790|Papa Roach|89
112695316|Falling Apart|508683|Papa Roach|89
2113540|Infest|434508|Papa Roach|89
60436961|Silence Is The Enemy|438743|Papa Roach|89
1576709|Forever|451639|Papa Roach|89
2113543|Dead Cell|421591|Papa Roach|89
60437011|Leader Of The Broken Hearts|410872|Papa Roach|89
93211038|Warriors|409799|Papa Roach|89
103804228|Take Me|474318|Papa Roach|89
103804224|Not Listening|436477|Papa Roach|89
60436991|Give Me Back My Life|389795|Papa Roach|89
93841054|Krisztus Urunknak Áldott Születésén|317139|Caramel|90
93841042|Nézz A Tükörbe|316182|Caramel|90
93841046|Te Vagy A Világ|305548|Caramel|90
9837556|Let U Go (Rock Wit U)|312800|Caramel|90
93841048|Ne Ébressz Fel|300118|Caramel|90
93841038|Aki Mindig Remél|294715|Caramel|90
93841028|Kezeket Fel|290728|Caramel|90
93841036|Párórára|290707|Caramel|90
93841030|Caramel Visszatért|288683|Caramel|90
93841034|Melóban|287554|Caramel|90
93841026|Intro|286434|Caramel|90
93841052|Micsoda Éjszaka|281553|Caramel|90
93841032|Te Vagy Aki Kell|274131|Caramel|90
106149594|Snimka s men|273987|Caramel|90
93841040|Ismerős Idegen|259222|Caramel|90
119700736|Samo igra|242249|Caramel|90
122709644|Pizzica d'amore|242249|Caramel|90
115582540|Tu No Pares|242249|Caramel|90
116038584|Tu No Pares|242249|Caramel|90
93841044|The Collector|223701|Caramel|90
93841050|My Confession|220449|Caramel|90
91628454|Eroi|204544|Caramel|90
91628456|Canzone per te|190728|Caramel|90
90567681|Regina bambina|197148|Caramel|90
90567675|Tu No Pares|181122|Caramel|90
671140|Get Ur Freak On|880548|Missy Elliott|91
112281472|WTF (Where They From) [feat. Pharrell Williams]|789939|Missy Elliott|91
5094073|One Minute Man (feat. Ludacris)|685446|Missy Elliott|91
663571|Work It|775343|Missy Elliott|91
2803677|All N My Grill|622792|Missy Elliott|91
925752|Bounce|639367|Missy Elliott|91
662589|Lose Control (feat. Ciara & Fat Man Scoop)|629262|Missy Elliott|91
5094067|Get Ur Freak On|612929|Missy Elliott|91
671138|One Minute Man (feat. Ludacris)|497646|Missy Elliott|91
671150|4 My People (feat. Eve)|458681|Missy Elliott|91
2803642|Sock It 2 Me (feat. Da Brat)|488664|Missy Elliott|91
118425612|Pep Rally|481975|Missy Elliott|91
2803689|Crazy Feelings|400816|Missy Elliott|91
5094075|Pass That Dutch|506232|Missy Elliott|91
2803676|Busa Rhyme (feat. Eminem)|476102|Missy Elliott|91
16099851|All Night Long|533437|Missy Elliott|91
2803679|Hot Boyz|449163|Missy Elliott|91
662596|We Run This (Without Manicure Interlude)|346949|Missy Elliott|91
663585|Work It (feat. 50 Cent)|478035|Missy Elliott|91
2803643|The Rain (Supa Dupa Fly)|439778|Missy Elliott|91
663576|P***ycat|433639|Missy Elliott|91
3829186|Hot Boyz|358799|Missy Elliott|91
5094078|All N My Grill (feat. Big Boi)|392411|Missy Elliott|91
671147|Take Away (feat. Ginuwine)|443876|Missy Elliott|91
663569|Gossip Folks (feat. Ludacris)|461859|Missy Elliott|91
677232|Numb|900187|Linkin Park|92
676183|In The End|916655|Linkin Park|92
37734411|BURN IT DOWN|917599|Linkin Park|92
676954|Numb/Encore|854077|Linkin Park|92
677219|Breaking The Habit|808056|Linkin Park|92
676847|What I've Done|824944|Linkin Park|92
37734441|CASTLE OF GLASS|808826|Linkin Park|92
676844|Shadow Of The Day|713918|Linkin Park|92
14628995|Somewhere I Belong|776708|Linkin Park|92
676840|Bleed It Out|749481|Linkin Park|92
676838|Leave Out All The Rest|718757|Linkin Park|92
3824710|New Divide|753170|Linkin Park|92
676162|One Step Closer|745359|Linkin Park|92
14628999|Faint|753300|Linkin Park|92
37734461|ROADS UNTRAVELED|678538|Linkin Park|92
676159|Papercut|762806|Linkin Park|92
37734391|LOST IN THE ECHO|714146|Linkin Park|92
79587436|Final Masquerade|704182|Linkin Park|92
676171|Crawling|772641|Linkin Park|92
14629002|From The Inside|668508|Linkin Park|92
14628994|Don't Stay|609009|Linkin Park|92
14628996|Lying From You|621154|Linkin Park|92
676186|A Place For My Head|652724|Linkin Park|92
37734401|IN MY REMAINS|636532|Linkin Park|92
676168|Points Of Authority|668172|Linkin Park|92
1143493|Take A Look Around|778572|Limp Bizkit|93
2174153|Behind Blue Eyes|768685|Limp Bizkit|93
1143495|Rollin' (Air Raid Vehicle)|728181|Limp Bizkit|93
94613616|Break Stuff|587080|Limp Bizkit|93
1143496|My Way|653545|Limp Bizkit|93
1143494|My Generation|609680|Limp Bizkit|93
1143492|N 2 Gether Now|553907|Limp Bizkit|93
104011160|Hot Dog|552174|Limp Bizkit|93
1143488|Faith|521504|Limp Bizkit|93
12441197|Gold Cobra|477923|Limp Bizkit|93
94613610|Nookie|600897|Limp Bizkit|93
1143498|Eat You Alive|488119|Limp Bizkit|93
104011170|Livin' It Up|524378|Limp Bizkit|93
1143491|Re-Arranged|462873|Limp Bizkit|93
1143489|Nookie|460726|Limp Bizkit|93
104011184|Rollin' (Urban Assault Vehicle)|481548|Limp Bizkit|93
12441196|Bring It Back|384170|Limp Bizkit|93
1143497|Boiler|497147|Limp Bizkit|93
66342327|Ready To Go|459846|Limp Bizkit|93
1143500|Build A Bridge|417863|Limp Bizkit|93
1143487|Counterfeit|409092|Limp Bizkit|93
104011180|Boiler|452446|Limp Bizkit|93
104011178|It'll Be OK|465194|Limp Bizkit|93
12441200|Shotgun|398362|Limp Bizkit|93
94613606|Just Like This|410218|Limp Bizkit|93
15122660|Királylány (2011 - Remaster)|368989|Hooligans|96
123647554|Tarson örökké|383531|Hooligans|96
71528066|Harcra fel|308071|Hooligans|96
115379236|Paradicsom|299409|Hooligans|96
115379238|Kings - Királyok|299409|Hooligans|96
15122679|Félember (2011 - Remaster)|300023|Hooligans|96
99877808|Paradicsom|391569|Hooligans|96
15122658|Legyen valami (2011 - Remaster)|319330|Hooligans|96
99877810|Paradicsom|317881|Hooligans|96
3489966|Errol szol a jatek|317861|Hooligans|96
14249558|Vagyok, aki voltam|316600|Hooligans|96
72999326|A Vér Nem Válik Vízzé|317187|Hooligans|96
3489960|Annyi minden var|316241|Hooligans|96
14249557|Csont nélkül|315214|Hooligans|96
14249560|Ez a nap|315204|Hooligans|96
14249556|Fílórájt|314679|Hooligans|96
62031121|Van az úgy|317246|Hooligans|96
71528058|Idegen|312955|Hooligans|96
8075451|Bárhogy játszható|316097|Hooligans|96
62031136|Noben a boldogság|315468|Hooligans|96
62031137|Illúzió|315388|Hooligans|96
104169190|Halálos csók|312090|Hooligans|96
71528055|Intro|311704|Hooligans|96
15122659|Ringass el! (2011 - Remaster)|315067|Hooligans|96
71528061|Másik szemmel|311549|Hooligans|96
9812726|Happy Birthday|294465|Fiesta|97
9812713|Happy Birthday|245732|Fiesta|97
3460514|Nem tudhatod meg|306732|Fiesta|97
3460611|Amor Latino (Rádió Verzió)|261359|Fiesta|97
3460713|Rossz Úton|318160|Fiesta|97
3460136|Szeret A No|317778|Fiesta|97
3460601|A Bailar|315352|Fiesta|97
3460493|Angelina|314567|Fiesta|97
3460519|Hola Mi Amor|310834|Fiesta|97
3460706|Amor Latino|313515|Fiesta|97
3460518|Ebben az ßlomban|309711|Fiesta|97
67478823|Mindig Csak Vártalak|311971|Fiesta|97
3460604|Távol Mindenkitol|311568|Fiesta|97
67478820|Aki Elmegy, Ugye Hazatér|311455|Fiesta|97
3460492|Érzem, Hogy Vége|309030|Fiesta|97
3460094|Mindig Csak Vártalak (Rádió Verzió)|308672|Fiesta|97
3460521|MÚg Úrzem|305185|Fiesta|97
78401977|Jött Veled a Nyár|314276|Fiesta|97
3460137|Lopott Csókok|307376|Fiesta|97
67478817|Hasta Manana|307165|Fiesta|97
67478821|A Tiéd Mindenem|307116|Fiesta|97
3460495|Orzöm Még|307026|Fiesta|97
4233857|Postakocsi|310908|Fiesta|97
3460709|Átlátnak Rajtam|305238|Fiesta|97
3460491|Fényévekre Toled|304011|Fiesta|97
80274512|Bring Me To Life|906822|Evanescence|98
80274516|My Immortal|900789|Evanescence|98
80274510|Going Under|768947|Evanescence|98
80274532|My Immortal|684200|Evanescence|98
80274514|Everybody's Fool|692876|Evanescence|98
80274526|Hello|648156|Evanescence|98
80273738|Lithium|644477|Evanescence|98
80274518|Haunted|609635|Evanescence|98
80274520|Tourniquet|594769|Evanescence|98
80274522|Imaginary|602727|Evanescence|98
80274524|Taking Over Me|567240|Evanescence|98
80274528|My Last Breath|542074|Evanescence|98
80859574|My Heart Is Broken|527526|Evanescence|98
80273734|Call Me When You're Sober|649610|Evanescence|98
80274530|Whisper|549349|Evanescence|98
80859568|What You Want|566362|Evanescence|98
80859580|Lost In Paradise|503853|Evanescence|98
80273732|Sweet Sacrifice|559545|Evanescence|98
80273744|Lacrymosa|455278|Evanescence|98
80276300|Bring Me To Life|514966|Evanescence|98
80276308|Missing|379959|Evanescence|98
80273736|Weight Of The World|444980|Evanescence|98
80273756|Good Enough|470730|Evanescence|98
80273740|Cloud Nine|460867|Evanescence|98
80273746|Like You|457316|Evanescence|98
749095|Gangsta's Paradise (feat. L.V.)|895134|Coolio|99
2375800|Gangsta's Paradise (as heard in The Green Hornet) [Re-Recorded/Re-Mastered Version]|579814|Coolio|99
77687594|Gangsters Paradise (New Version)|556676|Coolio|99
749099|Too Hot|437286|Coolio|99
125368344|Green Team|417324|Coolio|99
749115|1-2-3-4 (Sumpin' New)|387182|Coolio|99
763293|C U When U Get There|451883|Coolio|99
28499271|Gangsta Walk|291799|Coolio|99
91214194|Gangsta's Paradise|387313|Coolio|99
749087|Geto Highlites|282463|Coolio|99
749105|Crusin'|327428|Coolio|99
748895|Fantastic Voyage|374374|Coolio|99
3131838|Atomic Dog (Dogs Of The World Unite Remix)|304276|Coolio|99
749126|Fucc Coolio|316878|Coolio|99
117638516|She's So Ratchet ft. Loitering Lights & UNLTD|297782|Coolio|99
749140|For My Sistas|301283|Coolio|99
61467865|The Winner|311270|Coolio|99
91214208|Ohh La La|318033|Coolio|99
90569929|Change|309104|Coolio|99
749124|Smilin'|301529|Coolio|99
81981752|Fantastic Voyage|305035|Coolio|99
3589098|Is This Me?|314902|Coolio|99
60377671|I Like Girls|307772|Coolio|99
90569931|1, 2, 3, 4 (Sumpin' New)|310062|Coolio|99
678299|One Mo'|300722|Coolio|99
4275772|Bug Powder Dust|315447|Bomb the Bass|100
7583490|Megablast|260673|Bomb the Bass|100
992954|Beat Dis|304097|Bomb the Bass|100
5748732|Beat Dis|289211|Bomb the Bass|100
7035400|Winter in July|269119|Bomb the Bass|100
46435801|Bug Powder Dust|302023|Bomb the Bass|100
7583488|Don't Make Me Wait|290217|Bomb the Bass|100
7583493|Say A Little Prayer|317835|Bomb the Bass|100
99231182|Bug Powder Dust|274310|Bomb the Bass|100
4566321|Bug Powder Dust|290461|Bomb the Bass|100
7583492|Shake It (Album Version)|304383|Bomb the Bass|100
7583485|Beat Dis|308907|Bomb the Bass|100
67294675|Wandering Star|305659|Bomb the Bass|100
67294677|Time Falls Apart|294934|Bomb the Bass|100
67294676|Just This Universe?|289457|Bomb the Bass|100
67294678|Bleed Into The Sun|315519|Bomb the Bass|100
67294680|The Fallen|314456|Bomb the Bass|100
67294679|Where Better|314183|Bomb the Bass|100
67294681|We Are All Lost|308659|Bomb the Bass|100
67294682|All Alone|292692|Bomb the Bass|100
67278773|Megablast|292570|Bomb the Bass|100
7583495|Beat Dis|316034|Bomb the Bass|100
12267117|Up The Mountain feat. The Battle Of Land And Sea|278763|Bomb the Bass|100
12267096|Start feat. Kelley Polar|268713|Bomb the Bass|100
71572502|Mega Dis|294615|Bomb the Bass|100
